input,expected_output,tags,difficulty
"{""message_id"": ""CVOM-PK6N-MPC5-ROKP"", ""business_type"": ""MANAGED_RENTAL"", ""listing_context"": ""{}"", ""conversation_history"": ""[{\""timestamp\"":\""2026-08-03 11:34:30\"",\""speaker\"":\""tenant\"",\""content\"":\""这个图片我怎么没看明白呢？\""},{\""timestamp\"":\""2026-08-03 11:34:37\"",\""speaker\"":\""tenant\"",\""content\"":\""感觉像有三个房间，但是不是2室吗？\""},{\""timestamp\"":\""2026-08-03 11:34:53\"",\""speaker\"":\""tenant\"",\""content\"":\""那个超级迷你小，放了一个桌子和柜子的房间。\""},{\""timestamp\"":\""2026-08-03 11:34:58\"",\""speaker\"":\""agent\"",\""content\"":\""两个房间\""},{\""timestamp\"":\""2026-08-03 11:35:01\"",\""speaker\"":\""agent\"",\""content\"":\""那是厅\""},{\""timestamp\"":\""2026-08-03 11:35:36\"",\""speaker\"":\""tenant\"",\""content\"":\""其实房租和服务加起来就是2354\""},{\""timestamp\"":\""2026-08-03 11:35:44\"",\""speaker\"":\""agent\"",\""content\"":\""是\""},{\""timestamp\"":\""2026-08-03 11:35:49\"",\""speaker\"":\""tenant\"",\""content\"":\""没有再付一笔中介费吧？\""},{\""timestamp\"":\""2026-08-03 11:35:59\"",\""speaker\"":\""agent\"",\""content\"":\""没别的了\""},{\""timestamp\"":\""2026-08-03 11:36:42\"",\""speaker\"":\""tenant\"",\""content\"":\""[{\\\""914003184\\\"":\\\""[房源]整租·闸弄口新村·2室1厅 2室1厅1卫 • 42.18㎡ • 南 2200 元/月(季付价)\\\""}]\""},{\""timestamp\"":\""2026-08-03 11:36:42\"",\""speaker\"":\""tenant\"",\""content\"":\""您好，可以帮我详细介绍下该房源情况吗？\""},{\""timestamp\"":\""2026-08-03 11:36:52\"",\""speaker\"":\""tenant\"",\""content\"":\""挺可以的。\""},{\""timestamp\"":\""2026-08-03 11:36:57\"",\""speaker\"":\""tenant\"",\""content\"":\""是和房东直签，还是和我爱我家一起签？\""},{\""timestamp\"":\""2026-08-03 11:37:06\"",\""speaker\"":\""agent\"",\""content\"":\""跟公司签\""},{\""timestamp\"":\""2026-08-03 11:37:26\"",\""speaker\"":\""agent\"",\""content\"":\""先看房子吧\""},{\""timestamp\"":\""2026-08-03 11:37:38\"",\""speaker\"":\""tenant\"",\""content\"":\""我还想再问一下，是民水民电吗？\""},{\""timestamp\"":\""2026-08-03 11:37:45\"",\""speaker\"":\""agent\"",\""content\"":\""民水电\""}]"", ""current_tenant_message"": ""{\""speaker\"":\""tenant\"",\""content\"":\""挺可以的\"",\""timestamp\"":\""2026-08-03 11:38:07\""}""}",,,
"{""message_id"": ""CVOV-A1M5-F0A5-SI7S"", ""business_type"": ""STANDARD_RENTAL"", ""listing_context"": ""{}"", ""conversation_history"": ""[{\""timestamp\"":\""2026-08-03 21:27:11\"",\""speaker\"":\""tenant\"",\""content\"":\""几楼\""},{\""timestamp\"":\""2026-08-03 21:27:21\"",\""speaker\"":\""agent\"",\""content\"":\""我看一下\""},{\""timestamp\"":\""2026-08-03 21:27:36\"",\""speaker\"":\""tenant\"",\""content\"":\""[{\\\""46825572\\\"":\\\""[房源]整租·金陵新七村·2室1厅 2室1厅1卫  57㎡  南 2350元/月(月付价)\\\""}]\""},{\""timestamp\"":\""2026-08-03 21:27:36\"",\""speaker\"":\""tenant\"",\""content\"":\""您好，可以帮我详细介绍下该房源情况吗？\""},{\""timestamp\"":\""2026-08-03 21:28:04\"",\""speaker\"":\""agent\"",\""content\"":\""4楼\""},{\""timestamp\"":\""2026-08-03 21:28:10\"",\""speaker\"":\""agent\"",\""content\"":\""总高6楼\""},{\""timestamp\"":\""2026-08-03 21:29:21\"",\""speaker\"":\""tenant\"",\""content\"":\""[{\\\""46825572\\\"":\\\""[房源]整租·金陵新七村·2室1厅 2室1厅1卫  57㎡  南 2350元/月(月付价)\\\""}]\""},{\""timestamp\"":\""2026-08-03 21:29:21\"",\""speaker\"":\""tenant\"",\""content\"":\""您好，可以帮我详细介绍下该房源情况吗？\""},{\""timestamp\"":\""2026-08-03 21:29:39\"",\""speaker\"":\""tenant\"",\""content\"":\""七村在哪里了啊\""},{\""timestamp\"":\""2026-08-03 21:29:41\"",\""speaker\"":\""agent\"",\""content\"":\""你明天有时间看房？\""},{\""timestamp\"":\""2026-08-03 21:29:52\"",\""speaker\"":\""agent\"",\""content\"":\""您加我微信13000000000\""},{\""timestamp\"":\""2026-08-03 21:29:58\"",\""speaker\"":\""agent\"",\""content\"":\""我把定位发给你\""},{\""timestamp\"":\""2026-08-03 21:30:04\"",\""speaker\"":\""agent\"",\""content\"":\""或者你告诉我你微信\""},{\""timestamp\"":\""2026-08-03 21:30:07\"",\""speaker\"":\""agent\"",\""content\"":\""我加你\""},{\""timestamp\"":\""2026-08-03 21:31:13\"",\""speaker\"":\""tenant\"",\""content\"":\""明天晚上7点半左右看房？\""},{\""timestamp\"":\""2026-08-03 21:31:34\"",\""speaker\"":\""agent\"",\""content\"":\""可以的。你有什么要求吗？\""},{\""timestamp\"":\""2026-08-03 21:31:49\"",\""speaker\"":\""agent\"",\""content\"":\""我多给你匹配几套到时候一起看\""},{\""timestamp\"":\""2026-08-03 21:32:14\"",\""speaker\"":\""tenant\"",\""content\"":\""主要孩子上学\""},{\""timestamp\"":\""2026-08-03 21:32:23\"",\""speaker\"":\""agent\"",\""content\"":\""哪个学校？\""},{\""timestamp\"":\""2026-08-03 21:32:35\"",\""speaker\"":\""agent\"",\""content\"":\""附属实验？\""},{\""timestamp\"":\""2026-08-03 21:33:02\"",\""speaker\"":\""agent\"",\""content\"":\""您方便给我留个电话或者微信吗？\""},{\""timestamp\"":\""2026-08-03 21:33:04\"",\""speaker\"":\""tenant\"",\""content\"":\""[{\\\""46825572\\\"":\\\""[房源]整租·金陵新七村·2室1厅 2室1厅1卫  57㎡  南 2350元/月(月付价)\\\""}]\""},{\""timestamp\"":\""2026-08-03 21:33:04\"",\""speaker\"":\""tenant\"",\""content\"":\""您好，可以帮我详细介绍下该房源情况吗？\""}]"", ""current_tenant_message"": ""{\""speaker\"":\""tenant\"",\""content\"":\""13000000000\"",\""timestamp\"":\""2026-08-03 21:33:14\""}""}",,,
"{""message_id"": ""CVP1-8EI5-FMC7-4GNP"", ""business_type"": ""STANDARD_RENTAL"", ""listing_context"": ""{}"", ""conversation_history"": ""[{\""timestamp\"":\""2026-08-03 10:26:38\"",\""speaker\"":\""tenant\"",\""content\"":\""[{\\\""90039537\\\"":\\\""[房源]整租·金地格林格林·2室1厅 2室1厅1卫 75.95㎡  南 1500元/月\\\""}]\""},{\""timestamp\"":\""2026-08-03 10:26:38\"",\""speaker\"":\""tenant\"",\""content\"":\""{\\\""title\\\"":\\\""用户通过租房详情-钻展进入聊天\\\""}\""},{\""timestamp\"":\""2026-08-03 10:26:38\"",\""speaker\"":\""tenant\"",\""content\"":\""您好，可以帮我详细介绍下该房源情况吗？\""},{\""timestamp\"":\""2026-08-03 10:26:46\"",\""speaker\"":\""tenant\"",\""content\"":\""[{\\\""90039537\\\"":\\\""[房源]整租·金地格林格林·2室1厅 2室1厅1卫 75.95㎡  南 1500元/月\\\""}]\""},{\""timestamp\"":\""2026-08-03 10:26:46\"",\""speaker\"":\""tenant\"",\""content\"":\""您好，可以帮我详细介绍下该房源情况吗？\""},{\""timestamp\"":\""2026-08-03 10:26:54\"",\""speaker\"":\""tenant\"",\""content\"":\""卧室有空调吗\""},{\""timestamp\"":\""2026-08-03 10:27:42\"",\""speaker\"":\""tenant\"",\""content\"":\""[{\\\""90039537\\\"":\\\""[房源]整租·金地格林格林·2室1厅 2室1厅1卫 75.95㎡  南 1500元/月\\\""}]\""},{\""timestamp\"":\""2026-08-03 10:27:42\"",\""speaker\"":\""tenant\"",\""content\"":\""您好，可以帮我详细介绍下该房源情况吗？\""},{\""timestamp\"":\""2026-08-03 10:27:50\"",\""speaker\"":\""agent\"",\""content\"":\""您好这个是短租的\""},{\""timestamp\"":\""2026-08-03 10:27:58\"",\""speaker\"":\""agent\"",\""content\"":\""短租两个月\""},{\""timestamp\"":\""2026-08-03 10:28:03\"",\""speaker\"":\""tenant\"",\""content\"":\""好吧谢谢\""},{\""timestamp\"":\""2026-08-03 10:28:05\"",\""speaker\"":\""agent\"",\""content\"":\""房东后面要自己用\""},{\""timestamp\"":\""2026-08-03 10:28:17\"",\""speaker\"":\""agent\"",\""content\"":\""您是想找哪一块的我给您推荐\""}]"", ""current_tenant_message"": ""{\""speaker\"":\""tenant\"",\""content\"":\""义井这一片二室一厅卧室要有空调\"",\""timestamp\"":\""2026-08-03 23:49:33\""}""}",,,
"{""message_id"": ""CVOP-C2SM-E9C7-L5LK"", ""business_type"": ""STANDARD_RENTAL"", ""listing_context"": ""{}"", ""conversation_history"": ""[{\""timestamp\"":\""2026-08-03 14:37:23\"",\""speaker\"":\""tenant\"",\""content\"":\""您好，我最近正在看您所负责区域的房子，有推荐的小区吗？\""},{\""timestamp\"":\""2026-08-03 14:37:24\"",\""speaker\"":\""tenant\"",\""content\"":\""{\\\""title\\\"":\\\""用户通过经纪人主页进入聊天\\\""}\""},{\""timestamp\"":\""2026-08-03 14:37:28\"",\""speaker\"":\""agent\"",\""content\"":\""您好，我是我爱我家房产经纪人王海利，很高兴为您服务！\""},{\""timestamp\"":\""2026-08-03 14:37:42\"",\""speaker\"":\""tenant\"",\""content\"":\""[{\\\""6663\\\"":\\\""[小区]朝阳 九龙花园 44722元/㎡\\\""}]\""},{\""timestamp\"":\""2026-08-03 14:37:42\"",\""speaker\"":\""tenant\"",\""content\"":\""{\\\""title\\\"":\\\""用户通过租房频道-吊顶进入聊天\\\""}\""},{\""timestamp\"":\""2026-08-03 14:37:43\"",\""speaker\"":\""tenant\"",\""content\"":\""你好，可以帮我详细介绍下九龙花园吗？\""},{\""timestamp\"":\""2026-08-03 14:37:50\"",\""speaker\"":\""agent\"",\""content\"":\""您是想要租一套几居室，整租还是分租？\""},{\""timestamp\"":\""2026-08-03 14:38:06\"",\""speaker\"":\""tenant\"",\""content\"":\""您好我想在九龙租一套大一居或者两居\""},{\""timestamp\"":\""2026-08-03 14:38:13\"",\""speaker\"":\""agent\"",\""content\"":\""您大概什么时间用房？都有哪些要求？请您说一下，我给您匹配一下合适的房子！\""}]"", ""current_tenant_message"": ""{\""speaker\"":\""tenant\"",\""content\"":\""我大概租6-7个月\"",\""timestamp\"":\""2026-08-03 14:38:15\""}""}",,,
"{""message_id"": ""CVON-4MBQ-7VE5-N50M"", ""business_type"": ""STANDARD_RENTAL"", ""listing_context"": ""{}"", ""conversation_history"": ""[]"", ""current_tenant_message"": ""{\""speaker\"":\""tenant\"",\""content\"":\""您好，可以帮我详细介绍下该房源情况吗？\"",\""timestamp\"":\""2026-08-03 12:02:18\""}""}",,,
"{""message_id"": ""CVOV-JDFS-5MA5-45PP"", ""business_type"": ""STANDARD_RENTAL"", ""listing_context"": ""{}"", ""conversation_history"": ""[{\""timestamp\"":\""2026-08-03 21:39:36\"",\""speaker\"":\""tenant\"",\""content\"":\""[{\\\""505013478\\\"":\\\""[房源]整租·苹果园一区·1室1厅 1室1厅1卫 · 69.14㎡ · 南 4500元/月(季付价)\\\""}]\""},{\""timestamp\"":\""2026-08-03 21:39:36\"",\""speaker\"":\""tenant\"",\""content\"":\""{\\\""title\\\"":\\\""用户通过租房详情-钻展进入聊天\\\""}\""},{\""timestamp\"":\""2026-08-03 21:39:36\"",\""speaker\"":\""tenant\"",\""content\"":\""您好，可以帮我详细介绍下该房源情况吗？\""},{\""timestamp\"":\""2026-08-03 21:39:50\"",\""speaker\"":\""agent\"",\""content\"":\""您好，我爱我家苹果园店谢双建，很高兴为您服务！我从业6年、专业诚信、精耕苹果园商圈；熟悉、擅长准确匹配房源；为您服务过程中，我承诺：信息咨询如实说、服务体验提前做、权益保障主动赔，本人手机号：13000000000；期待帮助您早日找到理想的家！\""},{\""timestamp\"":\""2026-08-03 21:39:59\"",\""speaker\"":\""tenant\"",\""content\"":\""一区有板楼一层或者梯房\""},{\""timestamp\"":\""2026-08-03 21:40:01\"",\""speaker\"":\""agent\"",\""content\"":\""房子还在，随时看房子\""},{\""timestamp\"":\""2026-08-03 21:40:10\"",\""speaker\"":\""agent\"",\""content\"":\""只要一层的吗\""},{\""timestamp\"":\""2026-08-03 21:40:43\"",\""speaker\"":\""agent\"",\""content\"":\""有板楼一层的\""},{\""timestamp\"":\""2026-08-03 21:41:09\"",\""speaker\"":\""agent\"",\""content\"":\""方便留个联系方式吗，我给您发发房源照片\""}]"", ""current_tenant_message"": ""{\""speaker\"":\""tenant\"",\""content\"":\""13000000000\"",\""timestamp\"":\""2026-08-03 21:53:42\""}""}",,,
"{""message_id"": ""CVON-LVLG-LV05-1RBG"", ""business_type"": ""MANAGED_RENTAL"", ""listing_context"": ""{}"", ""conversation_history"": ""[{\""timestamp\"":\""2026-08-03 12:39:10\"",\""speaker\"":\""tenant\"",\""content\"":\""[{\\\""90224533\\\"":\\\""[房源]合租·北京制药二厂宿舍楼·3室·房间B 3室1厅1卫 • 15㎡ • 北 1500 元/月(季付价)\\\""}]\""},{\""timestamp\"":\""2026-08-03 12:39:10\"",\""speaker\"":\""tenant\"",\""content\"":\""{\\\""title\\\"":\\\""用户通过租房详情-推荐经纪人进入聊天\\\""}\""},{\""timestamp\"":\""2026-08-03 12:39:10\"",\""speaker\"":\""tenant\"",\""content\"":\""您好，可以帮我详细介绍下该房源情况吗？\""},{\""timestamp\"":\""2026-08-03 12:39:22\"",\""speaker\"":\""tenant\"",\""content\"":\""您好\""},{\""timestamp\"":\""2026-08-03 12:39:28\"",\""speaker\"":\""tenant\"",\""content\"":\""这房子怎么样\""},{\""timestamp\"":\""2026-08-03 12:39:36\"",\""speaker\"":\""agent\"",\""content\"":\""您好\""},{\""timestamp\"":\""2026-08-03 12:39:44\"",\""speaker\"":\""agent\"",\""content\"":\""您什么需求\""},{\""timestamp\"":\""2026-08-03 12:39:52\"",\""speaker\"":\""agent\"",\""content\"":\""还有一套南向主卧\""},{\""timestamp\"":\""2026-08-03 12:39:57\"",\""speaker\"":\""tenant\"",\""content\"":\""短租\""}]"", ""current_tenant_message"": ""{\""speaker\"":\""tenant\"",\""content\"":\""到11月12月\"",\""timestamp\"":\""2026-08-03 12:40:04\""}""}",,,
"{""message_id"": ""CVOV-5E98-B864-8TBS"", ""business_type"": ""MANAGED_RENTAL"", ""listing_context"": ""{}"", ""conversation_history"": ""[{\""timestamp\"":\""2026-08-03 21:21:45\"",\""speaker\"":\""tenant\"",\""content\"":\""[{\\\""90189846\\\"":\\\""[房源]整租·马连道中里一区·1室1厅 1室1厅1卫 · 44.76㎡ · 南 4608元/月(季付价)\\\""}]\""},{\""timestamp\"":\""2026-08-03 21:21:45\"",\""speaker\"":\""tenant\"",\""content\"":\""{\\\""title\\\"":\\\""用户通过租房详情-钻展进入聊天\\\""}\""},{\""timestamp\"":\""2026-08-03 21:21:45\"",\""speaker\"":\""tenant\"",\""content\"":\""您好，可以帮我详细介绍下该房源情况吗？\""},{\""timestamp\"":\""2026-08-03 21:21:47\"",\""speaker\"":\""tenant\"",\""content\"":\""您好\""},{\""timestamp\"":\""2026-08-03 21:21:58\"",\""speaker\"":\""tenant\"",\""content\"":\""请问这是六楼？\""},{\""timestamp\"":\""2026-08-03 21:22:10\"",\""speaker\"":\""agent\"",\""content\"":\""您好，这套房子在6层，总楼层6层，请问您对楼层有具体的要求吗？您可以告诉我您的具体需求，我也可以按照您的要求给您匹配更符合您要求的房源\""},{\""timestamp\"":\""2026-08-03 21:22:21\"",\""speaker\"":\""agent\"",\""content\"":\""你好，是的，咱们的房子看房随时，然后可以拎包入住\""},{\""timestamp\"":\""2026-08-03 21:22:27\"",\""speaker\"":\""tenant\"",\""content\"":\""[{\\\""90189846\\\"":\\\""[房源]整租·马连道中里一区·1室1厅 1室1厅1卫 · 44.76㎡ · 南 4608元/月(季付价)\\\""}]\""},{\""timestamp\"":\""2026-08-03 21:22:27\"",\""speaker\"":\""tenant\"",\""content\"":\""您好，可以帮我详细介绍下该房源情况吗？\""},{\""timestamp\"":\""2026-08-03 21:22:32\"",\""speaker\"":\""agent\"",\""content\"":\""房子长租\""},{\""timestamp\"":\""2026-08-03 21:22:38\"",\""speaker\"":\""agent\"",\""content\"":\""小区集中供暖业主承担供暖费和物业\""},{\""timestamp\"":\""2026-08-03 21:22:38\"",\""speaker\"":\""tenant\"",\""content\"":\""这房子租期只有一年不到了\""},{\""timestamp\"":\""2026-08-03 21:22:46\"",\""speaker\"":\""tenant\"",\""content\"":\""[{\\\""90189846\\\"":\\\""[房源]整租·马连道中里一区·1室1厅 1室1厅1卫 · 44.76㎡ · 南 4608元/月(季付价)\\\""}]\""},{\""timestamp\"":\""2026-08-03 21:22:46\"",\""speaker\"":\""tenant\"",\""content\"":\""您好，可以帮我详细介绍下该房源情况吗？\""},{\""timestamp\"":\""2026-08-03 21:23:03\"",\""speaker\"":\""agent\"",\""content\"":\""目前的这个租期，房子肯定是能长租\""}]"", ""current_tenant_message"": ""{\""speaker\"":\""tenant\"",\""content\"":\""我看写签约到27年7月\"",\""timestamp\"":\""2026-08-03 21:23:10\""}""}",,,
"{""message_id"": ""CVOQ-KGKA-ECO5-H8R2"", ""business_type"": ""STANDARD_RENTAL"", ""listing_context"": ""{}"", ""conversation_history"": ""[{\""timestamp\"":\""2026-08-01 12:16:08\"",\""speaker\"":\""tenant\"",\""content\"":\""您好，可以帮我详细介绍下该房源情况吗？\""},{\""timestamp\"":\""2026-08-01 12:16:09\"",\""speaker\"":\""tenant\"",\""content\"":\""[{\\\""504935947\\\"":\\\""[房源]整租·青塔西里·2室1厅 2室1厅1卫 • 91.08㎡ • 南北 5100 元/月(季付价)\\\""}]\""},{\""timestamp\"":\""2026-08-01 12:16:09\"",\""speaker\"":\""tenant\"",\""content\"":\""{\\\""title\\\"":\\\""用户通过租房详情-钻展进入聊天\\\""}\""},{\""timestamp\"":\""2026-08-01 12:16:21\"",\""speaker\"":\""tenant\"",\""content\"":\""有电梯吗\""},{\""timestamp\"":\""2026-08-01 12:17:21\"",\""speaker\"":\""agent\"",\""content\"":\""[自动回复]您好，感谢选择我来为您服务。很抱歉现在不能及时回复，我会尽快与您联系。或拨打我的电话4008897152,9831杨志强\""},{\""timestamp\"":\""2026-08-01 12:17:50\"",\""speaker\"":\""agent\"",\""content\"":\""您好\""},{\""timestamp\"":\""2026-08-01 12:18:02\"",\""speaker\"":\""agent\"",\""content\"":\""这套房子没有电梯\""},{\""timestamp\"":\""2026-08-02 09:08:48\"",\""speaker\"":\""agent\"",\""content\"":\""如果同意我帮您找房，可将您的联系方式发我，方便联系到您\""}]"", ""current_tenant_message"": ""{\""speaker\"":\""tenant\"",\""content\"":\""您好，我想租房，请给我介绍一下青塔蔚园即将上架的2居室情况\"",\""timestamp\"":\""2026-08-03 16:06:34\""}""}",,,
"{""message_id"": ""CVOM-A49V-GVC5-S7SR"", ""business_type"": ""STANDARD_RENTAL"", ""listing_context"": ""{}"", ""conversation_history"": ""[{\""timestamp\"":\""2026-08-03 11:03:08\"",\""speaker\"":\""tenant\"",\""content\"":\""[{\\\""913975098\\\"":\\\""[房源]整租·浙新小区·3室2厅 3室2厅2卫 • 106.93㎡ • 南 5500 元/月(季付价)\\\""}]\""},{\""timestamp\"":\""2026-08-03 11:03:08\"",\""speaker\"":\""tenant\"",\""content\"":\""{\\\""title\\\"":\\\""用户通过租房详情-推荐经纪人进入聊天\\\""}\""},{\""timestamp\"":\""2026-08-03 11:03:08\"",\""speaker\"":\""tenant\"",\""content\"":\""您好，可以帮我详细介绍下该房源情况吗？\""},{\""timestamp\"":\""2026-08-03 11:03:19\"",\""speaker\"":\""tenant\"",\""content\"":\""这套房子还在吗？\""},{\""timestamp\"":\""2026-08-03 11:03:26\"",\""speaker\"":\""tenant\"",\""content\"":\""今天可以看房吗\""},{\""timestamp\"":\""2026-08-03 11:03:32\"",\""speaker\"":\""agent\"",\""content\"":\""您好\""},{\""timestamp\"":\""2026-08-03 11:04:05\"",\""speaker\"":\""agent\"",\""content\"":\""这个房子租掉了，这边在审核下架了已经\""}]"", ""current_tenant_message"": ""{\""speaker\"":\""tenant\"",\""content\"":\""好的👌\"",\""timestamp\"":\""2026-08-03 11:04:16\""}""}",,,
"{""message_id"": ""CVOP-DPKV-FKC7-NOFV"", ""business_type"": ""MANAGED_RENTAL"", ""listing_context"": ""{}"", ""conversation_history"": ""[{\""timestamp\"":\""2026-08-03 14:41:50\"",\""speaker\"":\""tenant\"",\""content\"":\""[{\\\""1000192255\\\"":\\\""[房源]整租·大道尚庭 1房间1厅1卫·37.77㎡·南 4560元/月\\\""}]\""}]"", ""current_tenant_message"": ""{\""speaker\"":\""tenant\"",\""content\"":\""有微信吗帮我推荐下附近的房子\"",\""timestamp\"":\""2026-08-03 14:41:59\""}""}",,,
"{""message_id"": ""CVOP-83CR-3PI7-4BU3"", ""business_type"": ""MANAGED_RENTAL"", ""listing_context"": ""{}"", ""conversation_history"": ""[{\""timestamp\"":\""2026-08-03 14:27:59\"",\""speaker\"":\""tenant\"",\""content\"":\""[{\\\""29289221\\\"":\\\""[房源]合租·安贞西里二区 3室1厅1卫·20㎡·南 2700元/月\\\""}]\""},{\""timestamp\"":\""2026-08-03 14:28:09\"",\""speaker\"":\""agent\"",\""content\"":\""您好！我爱我家安贞西里旗舰店尹鹏飞很高兴为您服务！我从业10年、专业诚信、精耕安贞商圈；熟悉安贞西里、安贞里，安华西里，安华里，擅长租赁业务，买卖业务，一手房业务；为您服务过程中，我承诺：信息咨询如实说、服务体验提前做、权益保障主动赔，本人手机号:13000000000；期待帮助您早日找到理想的家！\""},{\""timestamp\"":\""2026-08-03 14:28:16\"",\""speaker\"":\""tenant\"",\""content\"":\""这户目前是住几人\""},{\""timestamp\"":\""2026-08-03 14:28:54\"",\""speaker\"":\""agent\"",\""content\"":\""3个人\""},{\""timestamp\"":\""2026-08-03 14:29:09\"",\""speaker\"":\""tenant\"",\""content\"":\""好的\""},{\""timestamp\"":\""2026-08-03 14:29:26\"",\""speaker\"":\""tenant\"",\""content\"":\""附近有两居吗\""}]"", ""current_tenant_message"": ""{\""speaker\"":\""tenant\"",\""content\"":\""合租的\"",\""timestamp\"":\""2026-08-03 14:29:33\""}""}",,,
"{""message_id"": ""CVOO-7LI7-DB47-SLMN"", ""business_type"": ""STANDARD_RENTAL"", ""listing_context"": ""{}"", ""conversation_history"": ""[{\""timestamp\"":\""2026-08-03 13:18:42\"",\""speaker\"":\""tenant\"",\""content\"":\""[{\\\""504997178\\\"":\\\""[房源]整租·松榆东里·2室1厅 2室1厅1卫 73.58㎡  西南 6000元/月\\\""}]\""}]"", ""current_tenant_message"": ""{\""speaker\"":\""tenant\"",\""content\"":\""您好，可以帮我详细介绍下该房源情况吗？\"",\""timestamp\"":\""2026-08-03 13:18:42\""}""}",,,
"{""message_id"": ""CVOO-J7L9-V8K7-I30R"", ""business_type"": ""MANAGED_RENTAL"", ""listing_context"": ""{}"", ""conversation_history"": ""[]"", ""current_tenant_message"": ""{\""speaker\"":\""tenant\"",\""content\"":\""您好，可以帮我详细介绍下该房源情况吗？\"",\""timestamp\"":\""2026-08-03 13:43:58\""}""}",,,
"{""message_id"": ""CVOL-DVAV-36K5-NCVR"", ""business_type"": ""STANDARD_RENTAL"", ""listing_context"": ""{}"", ""conversation_history"": ""[{\""timestamp\"":\""2026-08-03 09:50:27\"",\""speaker\"":\""tenant\"",\""content\"":\""[{\\\""90408348\\\"":\\\""[房源]整租·旭辉城良锦街6号院·2室1厅 2室1厅1卫 76.9㎡  南 1999元/月\\\""}]\""},{\""timestamp\"":\""2026-08-03 09:50:27\"",\""speaker\"":\""tenant\"",\""content\"":\""{\\\""title\\\"":\\\""用户通过租房详情-信息咨询进入聊天\\\""}\""},{\""timestamp\"":\""2026-08-03 09:50:27\"",\""speaker\"":\""tenant\"",\""content\"":\""您好，我想了解下本房源的租金费用情况。\""},{\""timestamp\"":\""2026-08-03 09:50:37\"",\""speaker\"":\""agent\"",\""content\"":\""请问您比较关心哪部分费用\""},{\""timestamp\"":\""2026-08-03 09:50:51\"",\""speaker\"":\""agent\"",\""content\"":\""如果同意我帮您找房，可将您的联系方式发我，方便联系到您\""},{\""timestamp\"":\""2026-08-03 09:50:53\"",\""speaker\"":\""tenant\"",\""content\"":\""这个费用可谈么\""},{\""timestamp\"":\""2026-08-03 09:51:00\"",\""speaker\"":\""agent\"",\""content\"":\""可谈\""},{\""timestamp\"":\""2026-08-03 09:51:19\"",\""speaker\"":\""agent\"",\""content\"":\""您想啥时入住\""},{\""timestamp\"":\""2026-08-03 09:51:31\"",\""speaker\"":\""tenant\"",\""content\"":\""租金和服务费最低能多少月中\""},{\""timestamp\"":\""2026-08-03 09:51:58\"",\""speaker\"":\""agent\"",\""content\"":\""您看好了再谈\""},{\""timestamp\"":\""2026-08-03 09:52:10\"",\""speaker\"":\""agent\"",\""content\"":\""需要看房吗\""},{\""timestamp\"":\""2026-08-03 10:00:40\"",\""speaker\"":\""tenant\"",\""content\"":\""这个周边我看过了，因为比较偏么，所以说要是房价能稍微便宜些会考虑，如果这个不能便宜就不太考虑了\""},{\""timestamp\"":\""2026-08-03 10:01:19\"",\""speaker\"":\""agent\"",\""content\"":\""您能接受多少？我问问看\""}]"", ""current_tenant_message"": ""{\""speaker\"":\""tenant\"",\""content\"":\""1800吧\"",\""timestamp\"":\""2026-08-03 10:02:46\""}""}",,,
"{""message_id"": ""CVOO-CGLB-8AU4-4HER"", ""business_type"": ""STANDARD_RENTAL"", ""listing_context"": ""{}"", ""conversation_history"": ""[{\""timestamp\"":\""2026-08-03 13:27:24\"",\""speaker\"":\""tenant\"",\""content\"":\""您好，可以帮我详细介绍下该房源情况吗？\""},{\""timestamp\"":\""2026-08-03 13:27:25\"",\""speaker\"":\""tenant\"",\""content\"":\""[{\\\""504975146\\\"":\\\""[房源]整租·清华园·2室1厅 2室1厅1卫 • 60㎡ • 南北 8500 元/月(季付价)\\\""}]\""},{\""timestamp\"":\""2026-08-03 13:27:25\"",\""speaker\"":\""tenant\"",\""content\"":\""{\\\""title\\\"":\\\""用户通过租房详情-钻展进入聊天\\\""}\""},{\""timestamp\"":\""2026-08-03 13:27:44\"",\""speaker\"":\""tenant\"",\""content\"":\""[{\\\""504975146\\\"":\\\""[房源]整租·清华园·2室1厅 2室1厅1卫 • 60㎡ • 南北 8500 元/月(季付价)\\\""}]\""},{\""timestamp\"":\""2026-08-03 13:27:44\"",\""speaker\"":\""tenant\"",\""content\"":\""您好，可以帮我详细介绍下该房源情况吗？\""},{\""timestamp\"":\""2026-08-03 13:27:46\"",\""speaker\"":\""agent\"",\""content\"":\""您好\""},{\""timestamp\"":\""2026-08-03 13:27:52\"",\""speaker\"":\""tenant\"",\""content\"":\""在几楼\""},{\""timestamp\"":\""2026-08-03 13:27:57\"",\""speaker\"":\""agent\"",\""content\"":\""您好，这套房子在5层，总高6层\""},{\""timestamp\"":\""2026-08-03 13:28:07\"",\""speaker\"":\""tenant\"",\""content\"":\""有点高了\""},{\""timestamp\"":\""2026-08-03 13:28:12\"",\""speaker\"":\""agent\"",\""content\"":\""可以看房\""},{\""timestamp\"":\""2026-08-03 13:28:18\"",\""speaker\"":\""tenant\"",\""content\"":\""低楼层的，有吗\""},{\""timestamp\"":\""2026-08-03 13:28:34\"",\""speaker\"":\""agent\"",\""content\"":\""只要这个小区的吗\""},{\""timestamp\"":\""2026-08-03 13:28:49\"",\""speaker\"":\""tenant\"",\""content\"":\""附近的\""},{\""timestamp\"":\""2026-08-03 13:28:56\"",\""speaker\"":\""tenant\"",\""content\"":\""也可以\""},{\""timestamp\"":\""2026-08-03 13:29:10\"",\""speaker\"":\""agent\"",\""content\"":\""附近的有的，您租多长时间呢\""}]"", ""current_tenant_message"": ""{\""speaker\"":\""tenant\"",\""content\"":\""长租\"",\""timestamp\"":\""2026-08-03 13:29:17\""}""}",,,
"{""message_id"": ""CVOQ-3U12-JH85-R4OG"", ""business_type"": ""STANDARD_RENTAL"", ""listing_context"": ""{}"", ""conversation_history"": ""[{\""timestamp\"":\""2026-08-03 15:30:15\"",\""speaker\"":\""tenant\"",\""content\"":\""[{\\\""504969325\\\"":\\\""[房源]整租·昊天嘉园·1室1厅 1室1厅1卫 · 33㎡ · 南北 1001元/月(季付价)\\\""}]\""},{\""timestamp\"":\""2026-08-03 15:30:15\"",\""speaker\"":\""tenant\"",\""content\"":\""{\\\""title\\\"":\\\""用户通过租房详情-钻展进入聊天\\\""}\""},{\""timestamp\"":\""2026-08-03 15:30:15\"",\""speaker\"":\""tenant\"",\""content\"":\""您好，可以帮我详细介绍下该房源情况吗？\""}]"", ""current_tenant_message"": ""{\""speaker\"":\""tenant\"",\""content\"":\""这个是地下室吗\"",\""timestamp\"":\""2026-08-03 15:30:21\""}""}",,,
"{""message_id"": ""CVOU-17VD-O524-3J9A"", ""business_type"": ""STANDARD_RENTAL"", ""listing_context"": ""{}"", ""conversation_history"": ""[{\""timestamp\"":\""2026-08-03 19:53:20\"",\""speaker\"":\""tenant\"",\""content\"":\""[{\\\""90414790\\\"":\\\""[房源]整租·北苑家园清友园·2室2厅 2室2厅1卫 · 114.48㎡ · 南 6999元/月\\\""}]\""},{\""timestamp\"":\""2026-08-03 19:53:24\"",\""speaker\"":\""tenant\"",\""content\"":\""这种\""},{\""timestamp\"":\""2026-08-03 19:53:34\"",\""speaker\"":\""agent\"",\""content\"":\""可以的\""},{\""timestamp\"":\""2026-08-03 19:53:44\"",\""speaker\"":\""agent\"",\""content\"":\""您这边预算大概多少呀\""},{\""timestamp\"":\""2026-08-03 19:54:31\"",\""speaker\"":\""agent\"",\""content\"":\""望春园和莲葩园那边考虑吗\""},{\""timestamp\"":\""2026-08-03 19:55:05\"",\""speaker\"":\""agent\"",\""content\"":\""[{\\\""504985866\\\"":\\\""[房源]整租·北苑·茉藜园·2室·1厅 2室1厅1卫 西南 7200元\\\""},{\\\""504903103\\\"":\\\""[房源]整租·北苑·茉藜园·2室·1厅 2室1厅2卫 西南 6900元\\\""},{\\\""505004170\\\"":\\\""[房源]整租·北苑·茉藜园·2室·1厅 2室1厅2卫 南北 6900元\\\""},{\\\""505018862\\\"":\\\""[房源]整租·北苑·茉藜园·2室·1厅 2室1厅1卫 东南北 7000元\\\""},{\\\""504986530\\\"":\\\""[房源]整租·北苑·茉藜园·2室·2厅 2室2厅2卫 南北 7000元\\\""}]\""},{\""timestamp\"":\""2026-08-03 19:55:35\"",\""speaker\"":\""agent\"",\""content\"":\""[{\\\""90221296\\\"":\\\""[房源]北苑·北苑家园望春园·高楼层·2居室 2室1厅1卫 南 6350元\\\""},{\\\""90420724\\\"":\\\""[房源]北苑·北苑家园望春园·低楼层·2居室 2室1厅1卫 东南 6830元\\\""},{\\\""90395091\\\"":\\\""[房源]北苑·北苑家园望春园·中楼层·2居室 2室1厅1卫 西南 7000元\\\""},{\\\""90333279\\\"":\\\""[房源]北苑·北苑家园望春园·低楼层·2居室 2室1厅1卫 东南 6000元\\\""}]\""},{\""timestamp\"":\""2026-08-03 19:58:33\"",\""speaker\"":\""tenant\"",\""content\"":\""[{\\\""505018862\\\"":\\\""[房源]整租·茉藜园·2室1厅 2室1厅1卫 · 108.22㎡ · 东南北 7000元/月\\\""}]\""},{\""timestamp\"":\""2026-08-03 19:58:36\"",\""speaker\"":\""tenant\"",\""content\"":\""这个\""},{\""timestamp\"":\""2026-08-03 19:58:40\"",\""speaker\"":\""tenant\"",\""content\"":\""几号楼几层\""},{\""timestamp\"":\""2026-08-03 19:58:53\"",\""speaker\"":\""tenant\"",\""content\"":\""你前面发的茉藜园前面几套我都看过了\""},{\""timestamp\"":\""2026-08-03 19:59:01\"",\""speaker\"":\""agent\"",\""content\"":\""这个是16号楼17层\""},{\""timestamp\"":\""2026-08-03 19:59:25\"",\""speaker\"":\""agent\"",\""content\"":\""望春园那个小区不考虑是吗\""},{\""timestamp\"":\""2026-08-03 19:59:50\"",\""speaker\"":\""tenant\"",\""content\"":\""不如\""},{\""timestamp\"":\""2026-08-03 19:59:52\"",\""speaker\"":\""tenant\"",\""content\"":\""去\""},{\""timestamp\"":\""2026-08-03 19:59:55\"",\""speaker\"":\""tenant\"",\""content\"":\""太远了\""},{\""timestamp\"":\""2026-08-03 20:00:26\"",\""speaker\"":\""agent\"",\""content\"":\""那您看看您什么时候有时间看一下茉藜园新上的这个\""},{\""timestamp\"":\""2026-08-03 20:00:32\"",\""speaker\"":\""agent\"",\""content\"":\""业主目前自主的\""},{\""timestamp\"":\""2026-08-03 20:00:46\"",\""speaker\"":\""agent\"",\""content\"":\""自住\""},{\""timestamp\"":\""2026-08-03 20:02:42\"",\""speaker\"":\""tenant\"",\""content\"":\""自住吗\""},{\""timestamp\"":\""2026-08-03 20:02:55\"",\""speaker\"":\""agent\"",\""content\"":\""是的\""},{\""timestamp\"":\""2026-08-03 20:02:57\"",\""speaker\"":\""tenant\"",\""content\"":\""家具像自如出租屋风格\""},{\""timestamp\"":\""2026-08-03 20:03:19\"",\""speaker\"":\""tenant\"",\""content\"":\""[img]\""},{\""timestamp\"":\""2026-08-03 20:03:29\"",\""speaker\"":\""tenant\"",\""content\"":\""阳台就是这么窄吗\""},{\""timestamp\"":\""2026-08-03 20:03:38\"",\""speaker\"":\""tenant\"",\""content\"":\""[img]\""},{\""timestamp\"":\""2026-08-03 20:03:40\"",\""speaker\"":\""agent\"",\""content\"":\""对他这个阳台就是这样\""}]"", ""current_tenant_message"": ""{\""speaker\"":\""tenant\"",\""content\"":\""灶台下面是什么\"",\""timestamp\"":\""2026-08-03 20:04:06\""}""}",,,
"{""message_id"": ""CVP0-8E9E-5SU5-1LUJ"", ""business_type"": ""MANAGED_RENTAL"", ""listing_context"": ""{}"", ""conversation_history"": ""[{\""timestamp\"":\""2026-08-03 22:39:03\"",\""speaker\"":\""tenant\"",\""content\"":\""[{\\\""90279105\\\"":\\\""[房源]整租·广渠门外南街·3室1厅 3室1厅1卫 · 73.96㎡ · 西 6270元/月(季付价)\\\""}]\""},{\""timestamp\"":\""2026-08-03 22:39:03\"",\""speaker\"":\""tenant\"",\""content\"":\""{\\\""title\\\"":\\\""用户通过租房详情-钻展进入聊天\\\""}\""},{\""timestamp\"":\""2026-08-03 22:39:03\"",\""speaker\"":\""tenant\"",\""content\"":\""您好，可以帮我详细介绍下该房源情况吗？\""},{\""timestamp\"":\""2026-08-03 22:39:08\"",\""speaker\"":\""tenant\"",\""content\"":\""你好\""},{\""timestamp\"":\""2026-08-03 22:39:12\"",\""speaker\"":\""agent\"",\""content\"":\""您好\""},{\""timestamp\"":\""2026-08-03 22:39:21\"",\""speaker\"":\""agent\"",\""content\"":\""房子在看房方便\""},{\""timestamp\"":\""2026-08-03 22:39:25\"",\""speaker\"":\""agent\"",\""content\"":\""长期租\""},{\""timestamp\"":\""2026-08-03 22:39:35\"",\""speaker\"":\""tenant\"",\""content\"":\""这个房子必须月付服务费？\""}]"", ""current_tenant_message"": ""{\""speaker\"":\""tenant\"",\""content\"":\""长期租\"",\""timestamp\"":\""2026-08-03 22:39:38\""}""}",,,
"{""message_id"": ""CVOE-KI6Q-PH04-NSNS"", ""business_type"": ""STANDARD_RENTAL"", ""listing_context"": ""{}"", ""conversation_history"": ""[]"", ""current_tenant_message"": ""{\""speaker\"":\""tenant\"",\""content\"":\""您好，可以帮我详细介绍下该房源情况吗？\"",\""timestamp\"":\""2026-08-03 02:07:49\""}""}",,,
"{""message_id"": ""CVOT-VFI3-8OE6-H3GK"", ""business_type"": ""STANDARD_RENTAL"", ""listing_context"": ""{}"", ""conversation_history"": ""[{\""timestamp\"":\""2026-08-03 20:00:08\"",\""speaker\"":\""tenant\"",\""content\"":\""[{\\\""505007120\\\"":\\\""[房源]整租·南太平庄北巷·2室1厅 2室1厅1卫 70.36㎡  东西 5800元/月\\\""}]\""},{\""timestamp\"":\""2026-08-03 20:00:08\"",\""speaker\"":\""tenant\"",\""content\"":\""{\\\""title\\\"":\\\""用户通过租房详情-推荐经纪人进入聊天\\\""}\""},{\""timestamp\"":\""2026-08-03 20:00:08\"",\""speaker\"":\""tenant\"",\""content\"":\""您好，可以帮我详情介绍下该房源情况吗?\""},{\""timestamp\"":\""2026-08-03 20:00:15\"",\""speaker\"":\""tenant\"",\""content\"":\""[{\\\""505007120\\\"":\\\""[房源]整租·南太平庄北巷·2室1厅 2室1厅1卫 70.36㎡  东西 5800元/月\\\""}]\""}]"", ""current_tenant_message"": ""{\""speaker\"":\""tenant\"",\""content\"":\""装修怎么样？\"",\""timestamp\"":\""2026-08-03 20:00:15\""}""}",,,
"{""message_id"": ""CVOR-LBIR-SFU7-8QU8"", ""business_type"": ""STANDARD_RENTAL"", ""listing_context"": ""{}"", ""conversation_history"": ""[{\""timestamp\"":\""2026-08-03 17:17:15\"",\""speaker\"":\""tenant\"",\""content\"":\""[{\\\""504774195\\\"":\\\""[房源]整租·东直门北大街·2室1厅 2室1厅1卫 · 61.65㎡ · 东西 7800元/月(季付价)\\\""}]\""},{\""timestamp\"":\""2026-08-03 17:17:15\"",\""speaker\"":\""tenant\"",\""content\"":\""您好，可以帮我详细介绍下该房源情况吗？\""},{\""timestamp\"":\""2026-08-03 17:17:16\"",\""speaker\"":\""tenant\"",\""content\"":\""{\\\""title\\\"":\\\""用户通过租房详情-钻展进入聊天\\\""}\""},{\""timestamp\"":\""2026-08-03 17:17:24\"",\""speaker\"":\""agent\"",\""content\"":\""您好！我爱我家东直门店刘硕很高兴为您服务！我从业多年，专业诚信，精耕东直门、工体、三里屯商圈；熟悉周边所有小区及设备设施、擅长给客户匹配合适的房源，节省您的时间；为您服务过程中，我承诺：信息咨询如实说、服务体验提前做、权益保障主动赔，本人手机号:13000000000；期待帮助您早日找到理想的家！\""},{\""timestamp\"":\""2026-08-03 17:17:26\"",\""speaker\"":\""agent\"",\""content\"":\""您好\""},{\""timestamp\"":\""2026-08-03 17:17:31\"",\""speaker\"":\""tenant\"",\""content\"":\""这套房子最新的照片有吗\""},{\""timestamp\"":\""2026-08-03 17:17:42\"",\""speaker\"":\""agent\"",\""content\"":\""这个就是最新的照片\""},{\""timestamp\"":\""2026-08-03 17:17:59\"",\""speaker\"":\""tenant\"",\""content\"":\""那个储藏室里是干什么的\""}]"", ""current_tenant_message"": ""{\""speaker\"":\""tenant\"",\""content\"":\""价格还能聊吗\"",\""timestamp\"":\""2026-08-03 17:18:19\""}""}",,,
"{""message_id"": ""CVOU-23DL-6QO6-4PMM"", ""business_type"": ""STANDARD_RENTAL"", ""listing_context"": ""{}"", ""conversation_history"": ""[{\""timestamp\"":\""2026-08-03 20:05:55\"",\""speaker\"":\""tenant\"",\""content\"":\""[{\\\""913987348\\\"":\\\""[房源]整租·水印康庭·1室0厅 1室1卫 20㎡  北 1300元/月\\\""}]\""},{\""timestamp\"":\""2026-08-03 20:05:55\"",\""speaker\"":\""tenant\"",\""content\"":\""您好，可以帮我详细介绍下该房源情况吗？\""},{\""timestamp\"":\""2026-08-03 20:05:56\"",\""speaker\"":\""tenant\"",\""content\"":\""{\\\""title\\\"":\\\""用户通过租房详情-钻展进入聊天\\\""}\""}]"", ""current_tenant_message"": ""{\""speaker\"":\""tenant\"",\""content\"":\""押金和房租怎么支付？\"",\""timestamp\"":\""2026-08-03 20:05:58\""}""}",,,
"{""message_id"": ""CVOR-33UT-78E4-J13Q"", ""business_type"": ""STANDARD_RENTAL"", ""listing_context"": ""{}"", ""conversation_history"": ""[{\""timestamp\"":\""2026-08-03 16:30:44\"",\""speaker\"":\""tenant\"",\""content\"":\""你好，我想了解小区周边情况\""},{\""timestamp\"":\""2026-08-03 16:30:45\"",\""speaker\"":\""tenant\"",\""content\"":\""[{\\\""826087342\\\"":\\\""[房源]整租·昆仑花苑·1室1厅 1室1厅1卫 • 145㎡ • 南 1600 元/月(月付价)\\\""}]\""},{\""timestamp\"":\""2026-08-03 16:30:57\"",\""speaker\"":\""agent\"",\""content\"":\""你好\""},{\""timestamp\"":\""2026-08-03 16:31:02\"",\""speaker\"":\""agent\"",\""content\"":\""合租的\""},{\""timestamp\"":\""2026-08-03 16:31:04\"",\""speaker\"":\""agent\"",\""content\"":\""考虑ok\""},{\""timestamp\"":\""2026-08-03 16:31:08\"",\""speaker\"":\""agent\"",\""content\"":\""考虑吗\""}]"", ""current_tenant_message"": ""{\""speaker\"":\""tenant\"",\""content\"":\""是哪一个房间？\"",\""timestamp\"":\""2026-08-03 16:38:28\""}""}",,,
"{""message_id"": ""CVON-1HQ5-8RS4-0J0M"", ""business_type"": ""STANDARD_RENTAL"", ""listing_context"": ""{}"", ""conversation_history"": ""[{\""timestamp\"":\""2026-08-03 11:55:26\"",\""speaker\"":\""tenant\"",\""content\"":\""[{\\\""90716955\\\"":\\\""[房源]整租·漾河人家·2室1厅 2室1厅1卫 81.85㎡  南 4200元/月\\\""}]\""}]"", ""current_tenant_message"": ""{\""speaker\"":\""tenant\"",\""content\"":\""您好，我想了解下房源租金等费用明细。\"",\""timestamp\"":\""2026-08-03 11:55:26\""}""}",,,
"{""message_id"": ""CVOT-J68K-VDG5-0T7S"", ""business_type"": ""STANDARD_RENTAL"", ""listing_context"": ""{}"", ""conversation_history"": ""[{\""timestamp\"":\""2026-08-03 19:26:51\"",\""speaker\"":\""tenant\"",\""content\"":\""[{\\\""504976417\\\"":\\\""[房源]整租·田村23号院·1室1厅 1室1厅1卫 30㎡  南 3200元/月\\\""}]\""},{\""timestamp\"":\""2026-08-03 19:26:51\"",\""speaker\"":\""tenant\"",\""content\"":\""{\\\""title\\\"":\\\""用户通过租房详情-钻展进入聊天\\\""}\""},{\""timestamp\"":\""2026-08-03 19:26:51\"",\""speaker\"":\""tenant\"",\""content\"":\""{\\\""title\\\"":\\\""用户通过租房详情-钻展进入聊天\\\""}\""},{\""timestamp\"":\""2026-08-03 19:26:51\"",\""speaker\"":\""tenant\"",\""content\"":\""您好，可以帮我详细介绍下该房源情况吗？\""},{\""timestamp\"":\""2026-08-03 19:27:03\"",\""speaker\"":\""agent\"",\""content\"":\""您好\""},{\""timestamp\"":\""2026-08-03 19:27:07\"",\""speaker\"":\""tenant\"",\""content\"":\""是整租吗？\""},{\""timestamp\"":\""2026-08-03 19:27:48\"",\""speaker\"":\""agent\"",\""content\"":\""是整租，但是这套房子是团结户，两家共用卫生间，厨房是独立的\""},{\""timestamp\"":\""2026-08-03 19:27:56\"",\""speaker\"":\""agent\"",\""content\"":\""房子一室一厅\""},{\""timestamp\"":\""2026-08-03 19:28:17\"",\""speaker\"":\""agent\"",\""content\"":\""团结户就是这套房子两家，两个业主\""},{\""timestamp\"":\""2026-08-03 19:28:44\"",\""speaker\"":\""tenant\"",\""content\"":\""哦哦\""},{\""timestamp\"":\""2026-08-03 19:28:49\"",\""speaker\"":\""agent\"",\""content\"":\""这套是一室一厅，有独立的厨房，只有卫生间两家共用\""},{\""timestamp\"":\""2026-08-03 19:28:54\"",\""speaker\"":\""tenant\"",\""content\"":\""那我再看看，谢谢\""},{\""timestamp\"":\""2026-08-03 19:29:00\"",\""speaker\"":\""agent\"",\""content\"":\""不然价格也不能这么便宜\""},{\""timestamp\"":\""2026-08-03 19:29:21\"",\""speaker\"":\""agent\"",\""content\"":\""周边一居室价格都在4000以上呢\""}]"", ""current_tenant_message"": ""{\""speaker\"":\""tenant\"",\""content\"":\""嗯嗯，了解\"",\""timestamp\"":\""2026-08-03 19:33:24\""}""}",,,
"{""message_id"": ""CVOR-95RH-H8E7-1A2E"", ""business_type"": ""STANDARD_RENTAL"", ""listing_context"": ""{}"", ""conversation_history"": ""[{\""timestamp\"":\""2026-08-03 16:45:47\"",\""speaker\"":\""tenant\"",\""content\"":\""1居\""},{\""timestamp\"":\""2026-08-03 16:45:56\"",\""speaker\"":\""agent\"",\""content\"":\""预算多少？\""},{\""timestamp\"":\""2026-08-03 16:46:19\"",\""speaker\"":\""tenant\"",\""content\"":\""月租三到四千\""},{\""timestamp\"":\""2026-08-03 16:46:38\"",\""speaker\"":\""agent\"",\""content\"":\""行，我先给您发一个，您看一下\""},{\""timestamp\"":\""2026-08-03 16:47:00\"",\""speaker\"":\""agent\"",\""content\"":\""[{\\\""504920160\\\"":\\\""[房源]整租·五道口·地质大学·1室·1厅 1室1厅1卫 南 4500元\\\""}]\""},{\""timestamp\"":\""2026-08-03 16:47:07\"",\""speaker\"":\""tenant\"",\""content\"":\""您好，我最近正在看五道口的租房，有推荐的小区或者房源吗？\""},{\""timestamp\"":\""2026-08-03 16:47:18\"",\""speaker\"":\""agent\"",\""content\"":\""您看一下这个\""},{\""timestamp\"":\""2026-08-03 16:48:14\"",\""speaker\"":\""tenant\"",\""content\"":\""链接打不开呀\""},{\""timestamp\"":\""2026-08-03 16:48:38\"",\""speaker\"":\""tenant\"",\""content\"":\""麻烦再发一遍吧\""},{\""timestamp\"":\""2026-08-03 16:48:39\"",\""speaker\"":\""agent\"",\""content\"":\""我这里试了一下，可以打开\""},{\""timestamp\"":\""2026-08-03 16:48:55\"",\""speaker\"":\""agent\"",\""content\"":\""[{\\\""504920160\\\"":\\\""[房源]整租·五道口·地质大学·1室·1厅 1室1厅1卫 南 4500元\\\""}]\""},{\""timestamp\"":\""2026-08-03 16:48:59\"",\""speaker\"":\""agent\"",\""content\"":\""您再试试\""},{\""timestamp\"":\""2026-08-03 16:50:58\"",\""speaker\"":\""agent\"",\""content\"":\""[{\\\""504999698\\\"":\\\""[房源]整租·清河·永泰园·1室·1厅 1室1厅1卫 南 4600元\\\""}]\""},{\""timestamp\"":\""2026-08-03 16:51:10\"",\""speaker\"":\""agent\"",\""content\"":\""如果能接受清河的话，您可以看看这\""},{\""timestamp\"":\""2026-08-03 16:51:12\"",\""speaker\"":\""tenant\"",\""content\"":\""[img]\""},{\""timestamp\"":\""2026-08-03 16:51:26\"",\""speaker\"":\""agent\"",\""content\"":\""如果同意我帮您找房，可将您的联系方式发我，方便联系到您\""},{\""timestamp\"":\""2026-08-03 16:51:30\"",\""speaker\"":\""agent\"",\""content\"":\""那我加您微信\""},{\""timestamp\"":\""2026-08-03 16:51:34\"",\""speaker\"":\""agent\"",\""content\"":\""我直接发您微信上\""}]"", ""current_tenant_message"": ""{\""speaker\"":\""tenant\"",\""content\"":\""好\"",\""timestamp\"":\""2026-08-03 16:51:43\""}""}",,,
"{""message_id"": ""CVON-QMVD-QP67-6949"", ""business_type"": ""STANDARD_RENTAL"", ""listing_context"": ""{}"", ""conversation_history"": ""[{\""timestamp\"":\""2026-08-03 11:52:01\"",\""speaker\"":\""tenant\"",\""content\"":\""[{\\\""90412081\\\"":\\\""[房源]整租·北重西厂·1室1厅 1室1厅1卫  41.42㎡  南 3320元/月(季付价)\\\""}]\""},{\""timestamp\"":\""2026-08-03 11:52:01\"",\""speaker\"":\""tenant\"",\""content\"":\""您好，可以帮我详细介绍下该房源情况吗？\""},{\""timestamp\"":\""2026-08-03 11:52:04\"",\""speaker\"":\""agent\"",\""content\"":\""周边有永辉超市\""},{\""timestamp\"":\""2026-08-03 11:52:22\"",\""speaker\"":\""tenant\"",\""content\"":\""几层\""},{\""timestamp\"":\""2026-08-03 11:52:47\"",\""speaker\"":\""agent\"",\""content\"":\""在一层\""},{\""timestamp\"":\""2026-08-03 11:53:17\"",\""speaker\"":\""tenant\"",\""content\"":\""有没有北重西厂的2~3层的？\""},{\""timestamp\"":\""2026-08-03 11:53:22\"",\""speaker\"":\""tenant\"",\""content\"":\""一层不想住。\""},{\""timestamp\"":\""2026-08-03 11:55:33\"",\""speaker\"":\""agent\"",\""content\"":\""[{\\\""504963527\\\"":\\\""[房源]整租·鲁谷·北重西厂·1室·1厅 1室1厅1卫 南 3500元\\\""}]\""},{\""timestamp\"":\""2026-08-03 11:55:45\"",\""speaker\"":\""agent\"",\""content\"":\""yequ业主直租的，2层；\""},{\""timestamp\"":\""2026-08-03 12:48:57\"",\""speaker\"":\""tenant\"",\""content\"":\""[{\\\""504963527\\\"":\\\""[房源]整租·北重西厂·1室1厅 1室1厅1卫  40.48㎡  南 3500元/月(季付价)\\\""}]\""},{\""timestamp\"":\""2026-08-03 12:48:57\"",\""speaker\"":\""tenant\"",\""content\"":\""您好，可以帮我详细介绍下该房源情况吗？\""},{\""timestamp\"":\""2026-08-03 12:49:28\"",\""speaker\"":\""agent\"",\""content\"":\""业主直租，二层\""},{\""timestamp\"":\""2026-08-03 12:49:29\"",\""speaker\"":\""tenant\"",\""content\"":\""这个是两层是吗？\""},{\""timestamp\"":\""2026-08-03 12:49:46\"",\""speaker\"":\""tenant\"",\""content\"":\""房东是本地的吗？还是外地的？\""},{\""timestamp\"":\""2026-08-03 12:49:50\"",\""speaker\"":\""agent\"",\""content\"":\""嗯，是的\""}]"", ""current_tenant_message"": ""{\""speaker\"":\""tenant\"",\""content\"":\""是和房东签合同吗？\"",\""timestamp\"":\""2026-08-03 12:50:24\""}""}",,,
"{""message_id"": ""CVOS-ELV4-5PE6-4A0L"", ""business_type"": ""STANDARD_RENTAL"", ""listing_context"": ""{}"", ""conversation_history"": ""[{\""timestamp\"":\""2026-08-03 18:12:19\"",\""speaker\"":\""tenant\"",\""content\"":\""[{\\\""504993387\\\"":\\\""[房源]整租·鑫苑盛世天玺·4室2厅 4室2厅2卫 125.89㎡  南北 7500元/月\\\""}]\""},{\""timestamp\"":\""2026-08-03 18:12:19\"",\""speaker\"":\""tenant\"",\""content\"":\""您好，可以帮我详细介绍下该房源情况吗？\""},{\""timestamp\"":\""2026-08-03 18:12:20\"",\""speaker\"":\""tenant\"",\""content\"":\""{\\\""title\\\"":\\\""用户通过租房详情-钻展进入聊天\\\""}\""},{\""timestamp\"":\""2026-08-03 18:12:29\"",\""speaker\"":\""agent\"",\""content\"":\""您好\""},{\""timestamp\"":\""2026-08-03 18:12:29\"",\""speaker\"":\""tenant\"",\""content\"":\""几楼？\""},{\""timestamp\"":\""2026-08-03 18:12:37\"",\""speaker\"":\""agent\"",\""content\"":\""一层\""},{\""timestamp\"":\""2026-08-03 18:13:02\"",\""speaker\"":\""tenant\"",\""content\"":\""这个小区四居室出租的房源还有吗？一般成交价是什么价格？\""},{\""timestamp\"":\""2026-08-03 18:13:22\"",\""speaker\"":\""agent\"",\""content\"":\""[语音]\""},{\""timestamp\"":\""2026-08-03 18:13:38\"",\""speaker\"":\""tenant\"",\""content\"":\""[{\\\""504993387\\\"":\\\""[房源]整租·鑫苑盛世天玺·4室2厅 4室2厅2卫 125.89㎡  南北 7500元/月\\\""}]\""}]"", ""current_tenant_message"": ""{\""speaker\"":\""tenant\"",\""content\"":\""您好，我想了解下本房源的租金费用情况。\"",\""timestamp\"":\""2026-08-03 18:13:38\""}""}",,,
"{""message_id"": ""CVOQ-SLJO-9IS6-FNVD"", ""business_type"": ""MANAGED_RENTAL"", ""listing_context"": ""{}"", ""conversation_history"": ""[{\""timestamp\"":\""2026-07-30 12:59:23\"",\""speaker\"":\""tenant\"",\""content\"":\""[{\\\""90026122\\\"":\\\""[房源]整租·罗秀三村·2室1厅 2室1厅1卫 • 51.72㎡ • 南 4400 元/月(月付价)\\\""}]\""},{\""timestamp\"":\""2026-07-30 12:59:23\"",\""speaker\"":\""tenant\"",\""content\"":\""您好，可以帮我详细介绍下该房源情况吗？\""},{\""timestamp\"":\""2026-07-30 12:59:39\"",\""speaker\"":\""tenant\"",\""content\"":\""现在那边两房多少价格\""},{\""timestamp\"":\""2026-07-30 12:59:51\"",\""speaker\"":\""agent\"",\""content\"":\""你好\""},{\""timestamp\"":\""2026-07-30 13:00:15\"",\""speaker\"":\""agent\"",\""content\"":\""主要看装修和楼层\""},{\""timestamp\"":\""2026-07-30 13:00:27\"",\""speaker\"":\""agent\"",\""content\"":\""你是有房要出租吗还是要租房\""},{\""timestamp\"":\""2026-07-30 13:03:41\"",\""speaker\"":\""agent\"",\""content\"":\""13000000000\""},{\""timestamp\"":\""2026-07-30 13:04:06\"",\""speaker\"":\""tenant\"",\""content\"":\""我咨询一下，我加你\""},{\""timestamp\"":\""2026-07-30 13:04:12\"",\""speaker\"":\""agent\"",\""content\"":\""好的\""},{\""timestamp\"":\""2026-07-31 09:28:21\"",\""speaker\"":\""agent\"",\""content\"":\""[{\\\""826051368\\\"":\\\""[房源]整租·长桥·罗秀三村·2室·1厅 2室1厅·55.00㎡·南·罗秀三村 4800元/月\\\""}]\""},{\""timestamp\"":\""2026-08-01 11:48:41\"",\""speaker\"":\""agent\"",\""content\"":\""[{\\\""90067839\\\"":\\\""[房源]整租·长桥·罗秀三村·2居室 2室1厅·57.93㎡·南·罗秀三村 4200元/月\\\""}]\""},{\""timestamp\"":\""2026-08-02 09:31:50\"",\""speaker\"":\""agent\"",\""content\"":\""你好\""},{\""timestamp\"":\""2026-08-03 10:15:23\"",\""speaker\"":\""agent\"",\""content\"":\""你好\""},{\""timestamp\"":\""2026-08-03 16:17:58\"",\""speaker\"":\""tenant\"",\""content\"":\""hello\""},{\""timestamp\"":\""2026-08-03 16:18:59\"",\""speaker\"":\""agent\"",\""content\"":\""[自动回复]您好，感谢选择我来为您服务。很抱歉现在不能及时回复，我会尽快与您联系。或拨打我的电话4008893165,0901王子豪\""}]"", ""current_tenant_message"": ""{\""speaker\"":\""tenant\"",\""content\"":\""好的\"",\""timestamp\"":\""2026-08-03 16:24:23\""}""}",,,
"{""message_id"": ""CVOQ-34G5-SKO5-D6U7"", ""business_type"": ""MANAGED_RENTAL"", ""listing_context"": ""{}"", ""conversation_history"": ""[{\""timestamp\"":\""2026-08-03 15:19:16\"",\""speaker\"":\""tenant\"",\""content\"":\""我都不认识😃\""},{\""timestamp\"":\""2026-08-03 15:20:28\"",\""speaker\"":\""agent\"",\""content\"":\""在唯元弄那里\""},{\""timestamp\"":\""2026-08-03 15:21:42\"",\""speaker\"":\""agent\"",\""content\"":\""看看位置合适吗\""},{\""timestamp\"":\""2026-08-03 15:24:25\"",\""speaker\"":\""tenant\"",\""content\"":\""这个房子还没租出去吧\""},{\""timestamp\"":\""2026-08-03 15:24:33\"",\""speaker\"":\""tenant\"",\""content\"":\""晚点我看一下\""},{\""timestamp\"":\""2026-08-03 15:26:02\"",\""speaker\"":\""tenant\"",\""content\"":\""[{\\\""913383631\\\"":\\\""[房源]整租·湖墅南路·2室1厅 2室1厅1卫 · 56.93㎡ · 东西 2800元/月(季付价)\\\""}]\""},{\""timestamp\"":\""2026-08-03 15:26:02\"",\""speaker\"":\""tenant\"",\""content\"":\""您好，可以帮我详细介绍下该房源情况吗？\""},{\""timestamp\"":\""2026-08-03 15:27:19\"",\""speaker\"":\""agent\"",\""content\"":\""方便留个电话吗\""},{\""timestamp\"":\""2026-08-03 15:27:29\"",\""speaker\"":\""tenant\"",\""content\"":\""13000000000\""},{\""timestamp\"":\""2026-08-03 15:27:33\"",\""speaker\"":\""agent\"",\""content\"":\""现在还没有租出去\""},{\""timestamp\"":\""2026-08-03 15:27:38\"",\""speaker\"":\""tenant\"",\""content\"":\""今天能看吗\""},{\""timestamp\"":\""2026-08-03 15:27:43\"",\""speaker\"":\""agent\"",\""content\"":\""可以看的\""},{\""timestamp\"":\""2026-08-03 15:27:51\"",\""speaker\"":\""tenant\"",\""content\"":\""好的\""},{\""timestamp\"":\""2026-08-03 15:28:04\"",\""speaker\"":\""tenant\"",\""content\"":\""我等下过去联系你\""},{\""timestamp\"":\""2026-08-03 15:28:19\"",\""speaker\"":\""agent\"",\""content\"":\""这个电话不是微信嘛\""},{\""timestamp\"":\""2026-08-03 15:28:25\"",\""speaker\"":\""agent\"",\""content\"":\""咱微信聊\""}]"", ""current_tenant_message"": ""{\""speaker\"":\""tenant\"",\""content\"":\""你的发我吧\"",\""timestamp\"":\""2026-08-03 15:28:36\""}""}",,,
"{""message_id"": ""CVOQ-BKFM-6165-TI4U"", ""business_type"": ""STANDARD_RENTAL"", ""listing_context"": ""{}"", ""conversation_history"": ""[{\""timestamp\"":\""2026-08-03 15:33:15\"",\""speaker\"":\""tenant\"",\""content\"":\""[{\\\""504941820\\\"":\\\""[房源]整租·蓝星公寓·4室2厅 4室2厅2卫 • 214.95㎡ • 南北 35000 元/月(季付价)\\\""}]\""},{\""timestamp\"":\""2026-08-03 15:33:15\"",\""speaker\"":\""tenant\"",\""content\"":\""{\\\""title\\\"":\\\""用户通过租房详情-钻展进入聊天\\\""}\""},{\""timestamp\"":\""2026-08-03 15:33:15\"",\""speaker\"":\""tenant\"",\""content\"":\""您好，可以帮我详细介绍下该房源情况吗？\""},{\""timestamp\"":\""2026-08-03 15:33:23\"",\""speaker\"":\""tenant\"",\""content\"":\""刚出的房？\""},{\""timestamp\"":\""2026-08-03 15:33:29\"",\""speaker\"":\""tenant\"",\""content\"":\""最低价多少\""},{\""timestamp\"":\""2026-08-03 15:33:34\"",\""speaker\"":\""agent\"",\""content\"":\""对的\""},{\""timestamp\"":\""2026-08-03 15:34:14\"",\""speaker\"":\""agent\"",\""content\"":\""这个没法准确回复您\""},{\""timestamp\"":\""2026-08-03 15:36:09\"",\""speaker\"":\""agent\"",\""content\"":\""价格是您看了房子之后，如果很满意的话，我们这边再给业主聊\""},{\""timestamp\"":\""2026-08-03 15:41:05\"",\""speaker\"":\""agent\"",\""content\"":\""您要是时间方便的话，可以先看看房子\""},{\""timestamp\"":\""2026-08-03 15:41:23\"",\""speaker\"":\""tenant\"",\""content\"":\""还没人谈？\""},{\""timestamp\"":\""2026-08-03 15:41:33\"",\""speaker\"":\""tenant\"",\""content\"":\""报价贵了吧？到不了这个价啊\""},{\""timestamp\"":\""2026-08-03 15:41:41\"",\""speaker\"":\""agent\"",\""content\"":\""对，价格是虚假\""},{\""timestamp\"":\""2026-08-03 15:41:47\"",\""speaker\"":\""agent\"",\""content\"":\""虚价\""},{\""timestamp\"":\""2026-08-03 15:42:58\"",\""speaker\"":\""agent\"",\""content\"":\""这边看您想租多少年，在详聊价格\""},{\""timestamp\"":\""2026-08-03 15:44:33\"",\""speaker\"":\""tenant\"",\""content\"":\""按照成交价来说，这房子能租多少钱？\""},{\""timestamp\"":\""2026-08-03 15:45:42\"",\""speaker\"":\""agent\"",\""content\"":\""33500左右\""}]"", ""current_tenant_message"": ""{\""speaker\"":\""tenant\"",\""content\"":\""太贵了\"",\""timestamp\"":\""2026-08-03 15:47:10\""}""}",,,
"{""message_id"": ""CVOV-598V-MAC7-2V07"", ""business_type"": ""STANDARD_RENTAL"", ""listing_context"": ""{}"", ""conversation_history"": ""[{\""timestamp\"":\""2026-08-03 21:21:53\"",\""speaker\"":\""tenant\"",\""content\"":\""好的\""},{\""timestamp\"":\""2026-08-03 21:21:58\"",\""speaker\"":\""agent\"",\""content\"":\""你租多久\""},{\""timestamp\"":\""2026-08-03 21:22:07\"",\""speaker\"":\""tenant\"",\""content\"":\""可以长租一年两年三年都行\""},{\""timestamp\"":\""2026-08-03 21:22:11\"",\""speaker\"":\""agent\"",\""content\"":\""嗯的好的\""},{\""timestamp\"":\""2026-08-03 21:22:12\"",\""speaker\"":\""tenant\"",\""content\"":\""房子在几楼\""},{\""timestamp\"":\""2026-08-03 21:22:16\"",\""speaker\"":\""agent\"",\""content\"":\""方便留个联系方式嘛\""},{\""timestamp\"":\""2026-08-03 21:22:22\"",\""speaker\"":\""tenant\"",\""content\"":\""客户手机号：13000000000(请谨慎使用，请勿将客户电话外泄!)\""},{\""timestamp\"":\""2026-08-03 21:22:27\"",\""speaker\"":\""agent\"",\""content\"":\""5层的\""},{\""timestamp\"":\""2026-08-03 21:22:36\"",\""speaker\"":\""tenant\"",\""content\"":\""[{\\\""505003618\\\"":\\\""[房源]整租·西潞园三里·4室1厅 4室1厅1卫 • 103.4㎡ • 南北 2100 元/月(季付价)\\\""}]\""},{\""timestamp\"":\""2026-08-03 21:22:36\"",\""speaker\"":\""tenant\"",\""content\"":\""您好，可以帮我详细介绍下该房源情况吗？\""},{\""timestamp\"":\""2026-08-03 21:22:40\"",\""speaker\"":\""agent\"",\""content\"":\""是您微信吗\""},{\""timestamp\"":\""2026-08-03 21:22:41\"",\""speaker\"":\""tenant\"",\""content\"":\""好的\""},{\""timestamp\"":\""2026-08-03 21:22:43\"",\""speaker\"":\""tenant\"",\""content\"":\""对的\""}]"", ""current_tenant_message"": ""{\""speaker\"":\""tenant\"",\""content\"":\""您明天拍完给我看看吧\"",\""timestamp\"":\""2026-08-03 21:22:50\""}""}",,,
"{""message_id"": ""CVOQ-HKCD-I2E6-7PTF"", ""business_type"": ""STANDARD_RENTAL"", ""listing_context"": ""{}"", ""conversation_history"": ""[{\""timestamp\"":\""2026-08-03 15:57:54\"",\""speaker\"":\""tenant\"",\""content\"":\""[{\\\""504989022\\\"":\\\""[房源]整租·枣园·兴康家园·2室·1厅 2室1厅1卫 88.52㎡ 南 3800元/月\\\""}]\""},{\""timestamp\"":\""2026-08-03 15:58:02\"",\""speaker\"":\""agent\"",\""content\"":\""在的\""},{\""timestamp\"":\""2026-08-03 15:58:22\"",\""speaker\"":\""agent\"",\""content\"":\""要看看房吗\""},{\""timestamp\"":\""2026-08-03 15:58:27\"",\""speaker\"":\""agent\"",\""content\"":\""感兴趣的话，欢迎加我微信，13000000000\""},{\""timestamp\"":\""2026-08-03 15:59:12\"",\""speaker\"":\""tenant\"",\""content\"":\""这个你们界面蹦出2个经理，一个经理人，一个维护人，我不知道你们谁负责啊\""},{\""timestamp\"":\""2026-08-03 15:59:46\"",\""speaker\"":\""agent\"",\""content\"":\""有什么需要，您说就行\""}]"", ""current_tenant_message"": ""{\""speaker\"":\""tenant\"",\""content\"":\""还有一个写的叶经理，我租房\"",\""timestamp\"":\""2026-08-03 16:00:16\""}""}",,,
"{""message_id"": ""CVOQ-SHJT-IGS6-5OCO"", ""business_type"": ""STANDARD_RENTAL"", ""listing_context"": ""{}"", ""conversation_history"": ""[{\""timestamp\"":\""2026-08-03 16:18:37\"",\""speaker\"":\""tenant\"",\""content\"":\""您好，可以帮我详细介绍下该房源情况吗？\""},{\""timestamp\"":\""2026-08-03 16:18:38\"",\""speaker\"":\""tenant\"",\""content\"":\""[{\\\""505009139\\\"":\\\""[房源]整租·天资陆号院·5室3厅 5室3厅2卫 • 336.2㎡ • 西南 8000 元/月(季付价)\\\""}]\""},{\""timestamp\"":\""2026-08-03 16:18:38\"",\""speaker\"":\""tenant\"",\""content\"":\""{\\\""title\\\"":\\\""用户通过租房详情-钻展进入聊天\\\""}\""},{\""timestamp\"":\""2026-08-03 16:18:53\"",\""speaker\"":\""tenant\"",\""content\"":\""有装修吗\""},{\""timestamp\"":\""2026-08-03 16:19:13\"",\""speaker\"":\""agent\"",\""content\"":\""您好\""},{\""timestamp\"":\""2026-08-03 16:19:14\"",\""speaker\"":\""agent\"",\""content\"":\""毛坯\""},{\""timestamp\"":\""2026-08-03 16:19:34\"",\""speaker\"":\""tenant\"",\""content\"":\""不考虑\""},{\""timestamp\"":\""2026-08-03 16:19:39\"",\""speaker\"":\""agent\"",\""content\"":\""做库房好的\""},{\""timestamp\"":\""2026-08-03 16:19:47\"",\""speaker\"":\""agent\"",\""content\"":\""留个电话加个微信吧\""},{\""timestamp\"":\""2026-08-03 16:19:54\"",\""speaker\"":\""agent\"",\""content\"":\""给您推荐一下房子\""},{\""timestamp\"":\""2026-08-03 16:19:56\"",\""speaker\"":\""tenant\"",\""content\"":\""[{\\\""503739351\\\"":\\\""[房源]整租·天资陆号院·2室1厅 2室1厅1卫 • 127.96㎡ • 西南 6200 元/月(季付价)\\\""}]\""},{\""timestamp\"":\""2026-08-03 16:20:07\"",\""speaker\"":\""tenant\"",\""content\"":\""能看房吗\""},{\""timestamp\"":\""2026-08-03 16:20:17\"",\""speaker\"":\""agent\"",\""content\"":\""我约下\""},{\""timestamp\"":\""2026-08-03 16:20:33\"",\""speaker\"":\""agent\"",\""content\"":\""留个电话加个微信\""},{\""timestamp\"":\""2026-08-03 16:20:40\"",\""speaker\"":\""agent\"",\""content\"":\""想什么时间看下房子\""},{\""timestamp\"":\""2026-08-03 16:23:25\"",\""speaker\"":\""tenant\"",\""content\"":\""我加你\""},{\""timestamp\"":\""2026-08-03 16:23:35\"",\""speaker\"":\""tenant\"",\""content\"":\""几楼的\""},{\""timestamp\"":\""2026-08-03 16:23:47\"",\""speaker\"":\""agent\"",\""content\"":\""13000000000\""},{\""timestamp\"":\""2026-08-03 16:23:58\"",\""speaker\"":\""agent\"",\""content\"":\""加我微信\""}]"", ""current_tenant_message"": ""{\""speaker\"":\""tenant\"",\""content\"":\""好\"",\""timestamp\"":\""2026-08-03 16:24:07\""}""}",,,
"{""message_id"": ""CVOP-BA93-AQG4-JC7R"", ""business_type"": ""STANDARD_RENTAL"", ""listing_context"": ""{}"", ""conversation_history"": ""[{\""timestamp\"":\""2026-08-03 14:36:33\"",\""speaker\"":\""tenant\"",\""content\"":\""[{\\\""504929545\\\"":\\\""[房源]整租·丽泽景园·2室1厅 2室1厅1卫 · 91.21㎡ · 南北 7300元/月(季付价)\\\""}]\""},{\""timestamp\"":\""2026-08-03 14:36:33\"",\""speaker\"":\""tenant\"",\""content\"":\""{\\\""title\\\"":\\\""用户通过租房详情-推荐经纪人进入聊天\\\""}\""},{\""timestamp\"":\""2026-08-03 14:36:33\"",\""speaker\"":\""tenant\"",\""content\"":\""您好，可以帮我详细介绍下该房源情况吗？\""}]"", ""current_tenant_message"": ""{\""speaker\"":\""tenant\"",\""content\"":\""有图片吗\"",\""timestamp\"":\""2026-08-03 14:36:34\""}""}",,,
"{""message_id"": ""CVOK-QE01-RVG5-ENIO"", ""business_type"": ""STANDARD_RENTAL"", ""listing_context"": ""{}"", ""conversation_history"": ""[{\""timestamp\"":\""2026-08-03 09:19:59\"",\""speaker\"":\""tenant\"",\""content\"":\""您好，可以帮我详细介绍下该房源情况吗？\""},{\""timestamp\"":\""2026-08-03 09:20:00\"",\""speaker\"":\""tenant\"",\""content\"":\""[{\\\""46807083\\\"":\\\""[房源]整租·旭日华庭—金棕榈·2室2厅 2室2厅1卫 • 89㎡ • 南 1800 元/月(季付价)\\\""}]\""},{\""timestamp\"":\""2026-08-03 09:20:00\"",\""speaker\"":\""tenant\"",\""content\"":\""{\\\""title\\\"":\\\""用户通过租房详情-钻展进入聊天\\\""}\""}]"", ""current_tenant_message"": ""{\""speaker\"":\""tenant\"",\""content\"":\""几楼\"",\""timestamp\"":\""2026-08-03 09:20:04\""}""}",,,
"{""message_id"": ""CVOL-F79K-ME06-NTUF"", ""business_type"": ""MANAGED_RENTAL"", ""listing_context"": ""{}"", ""conversation_history"": ""[{\""timestamp\"":\""2026-08-03 10:02:35\"",\""speaker\"":\""tenant\"",\""content\"":\""不知道在哪\""},{\""timestamp\"":\""2026-08-03 10:02:43\"",\""speaker\"":\""agent\"",\""content\"":\""我们店对面\""},{\""timestamp\"":\""2026-08-03 10:02:45\"",\""speaker\"":\""tenant\"",\""content\"":\""我在你那点门口羊肉店\""},{\""timestamp\"":\""2026-08-03 10:02:51\"",\""speaker\"":\""agent\"",\""content\"":\""你导航\""},{\""timestamp\"":\""2026-08-03 10:03:01\"",\""speaker\"":\""agent\"",\""content\"":\""你给我个电话吧求你了\""},{\""timestamp\"":\""2026-08-03 10:04:03\"",\""speaker\"":\""tenant\"",\""content\"":\""就你们店门口\""},{\""timestamp\"":\""2026-08-03 10:04:05\"",\""speaker\"":\""tenant\"",\""content\"":\""你出来吧\""},{\""timestamp\"":\""2026-08-03 10:04:08\"",\""speaker\"":\""tenant\"",\""content\"":\""就看见了\""},{\""timestamp\"":\""2026-08-03 10:04:33\"",\""speaker\"":\""tenant\"",\""content\"":\""你是不是站起来了了\""},{\""timestamp\"":\""2026-08-03 10:04:36\"",\""speaker\"":\""agent\"",\""content\"":\""嗯嗯\""},{\""timestamp\"":\""2026-08-03 10:04:42\"",\""speaker\"":\""tenant\"",\""content\"":\""看看右面\""},{\""timestamp\"":\""2026-08-03 10:04:45\"",\""speaker\"":\""agent\"",\""content\"":\""你在哪里\""},{\""timestamp\"":\""2026-08-03 10:04:45\"",\""speaker\"":\""tenant\"",\""content\"":\""黑衣服的\""},{\""timestamp\"":\""2026-08-03 10:05:16\"",\""speaker\"":\""tenant\"",\""content\"":\""白裤子\""},{\""timestamp\"":\""2026-08-03 10:05:27\"",\""speaker\"":\""agent\"",\""content\"":\""没有啊\""}]"", ""current_tenant_message"": ""{\""speaker\"":\""tenant\"",\""content\"":\""我在你对面\"",\""timestamp\"":\""2026-08-03 10:05:29\""}""}",,,
"{""message_id"": ""CVOM-T8VJ-MRS6-A4EG"", ""business_type"": ""MANAGED_RENTAL"", ""listing_context"": ""{}"", ""conversation_history"": ""[{\""timestamp\"":\""2026-08-03 11:42:46\"",\""speaker\"":\""tenant\"",\""content\"":\""[{\\\""90019612\\\"":\\\""[房源]整租·丰台南路103号·2室1厅 2室1厅1卫 • 57.36㎡ • 南北 3800 元/月(月付价)\\\""}]\""},{\""timestamp\"":\""2026-08-03 11:42:46\"",\""speaker\"":\""tenant\"",\""content\"":\""{\\\""title\\\"":\\\""用户通过租房详情-钻展进入聊天\\\""}\""},{\""timestamp\"":\""2026-08-03 11:42:46\"",\""speaker\"":\""tenant\"",\""content\"":\""您好，可以帮我详细介绍下该房源情况吗？\""},{\""timestamp\"":\""2026-08-03 11:42:50\"",\""speaker\"":\""tenant\"",\""content\"":\""客户手机号：13000000000（请谨慎使用，请勿将客户电话外泄！）\""},{\""timestamp\"":\""2026-08-03 11:42:51\"",\""speaker\"":\""tenant\"",\""content\"":\""[vr带看]整租·丰台南路103号·2室1厅2室1厅1卫•57.36㎡•南北3800元/月(月付价)\""},{\""timestamp\"":\""2026-08-03 11:42:58\"",\""speaker\"":\""tenant\"",\""content\"":\""房子周边交通方便吗？离地铁公交多远？\""},{\""timestamp\"":\""2026-08-03 11:43:05\"",\""speaker\"":\""agent\"",\""content\"":\""您好，我爱我家于福生很高兴为您服务，24小时服务热线13000000000\""},{\""timestamp\"":\""2026-08-03 11:44:58\"",\""speaker\"":\""agent\"",\""content\"":\""我给您打电话没有接听\""}]"", ""current_tenant_message"": ""{\""speaker\"":\""tenant\"",\""content\"":\""接了\"",\""timestamp\"":\""2026-08-03 11:46:05\""}""}",,,
"{""message_id"": ""CVOQ-H4KC-SP26-7PTF"", ""business_type"": ""STANDARD_RENTAL"", ""listing_context"": ""{}"", ""conversation_history"": ""[{\""timestamp\"":\""2026-08-03 15:57:54\"",\""speaker\"":\""tenant\"",\""content\"":\""[{\\\""504989022\\\"":\\\""[房源]整租·枣园·兴康家园·2室·1厅 2室1厅1卫 88.52㎡ 南 3800元/月\\\""}]\""},{\""timestamp\"":\""2026-08-03 15:58:02\"",\""speaker\"":\""agent\"",\""content\"":\""在的\""},{\""timestamp\"":\""2026-08-03 15:58:22\"",\""speaker\"":\""agent\"",\""content\"":\""要看看房吗\""},{\""timestamp\"":\""2026-08-03 15:58:27\"",\""speaker\"":\""agent\"",\""content\"":\""感兴趣的话，欢迎加我微信，13000000000\""}]"", ""current_tenant_message"": ""{\""speaker\"":\""tenant\"",\""content\"":\""这个你们界面蹦出2个经理，一个经理人，一个维护人，我不知道你们谁负责啊\"",\""timestamp\"":\""2026-08-03 15:59:12\""}""}",,,
"{""message_id"": ""CVP1-63P3-JU44-8HVI"", ""business_type"": ""STANDARD_RENTAL"", ""listing_context"": ""{}"", ""conversation_history"": ""[{\""timestamp\"":\""2026-08-03 23:41:31\"",\""speaker\"":\""tenant\"",\""content\"":\""[{\\\""826127221\\\"":\\\""[房源]整租·广洋华景苑·3室2厅 3室2厅1卫 • 136.35㎡ • 南 14000 元/月(季付价)\\\""}]\""},{\""timestamp\"":\""2026-08-03 23:41:31\"",\""speaker\"":\""tenant\"",\""content\"":\""{\\\""title\\\"":\\\""用户通过租房详情-钻展进入聊天\\\""}\""},{\""timestamp\"":\""2026-08-03 23:41:31\"",\""speaker\"":\""tenant\"",\""content\"":\""您好，可以帮我详细介绍下该房源情况吗？\""},{\""timestamp\"":\""2026-08-03 23:41:42\"",\""speaker\"":\""agent\"",\""content\"":\""在的\""},{\""timestamp\"":\""2026-08-03 23:41:44\"",\""speaker\"":\""tenant\"",\""content\"":\""这个有图片吗\""},{\""timestamp\"":\""2026-08-03 23:41:46\"",\""speaker\"":\""agent\"",\""content\"":\""这边想什么时候看房呢\""},{\""timestamp\"":\""2026-08-03 23:41:47\"",\""speaker\"":\""agent\"",\""content\"":\""如果同意我帮您找房，可将您的联系方式发我，方便联系到您\""},{\""timestamp\"":\""2026-08-03 23:42:03\"",\""speaker\"":\""agent\"",\""content\"":\""咋们这边加个微信。需要用电脑发给您\""},{\""timestamp\"":\""2026-08-03 23:42:03\"",\""speaker\"":\""tenant\"",\""content\"":\""房子还没出来吗\""},{\""timestamp\"":\""2026-08-03 23:42:35\"",\""speaker\"":\""tenant\"",\""content\"":\""房子出来了吗\""},{\""timestamp\"":\""2026-08-03 23:43:04\"",\""speaker\"":\""agent\"",\""content\"":\""空出来了\""},{\""timestamp\"":\""2026-08-03 23:43:42\"",\""speaker\"":\""tenant\"",\""content\"":\""图片发我看看\""},{\""timestamp\"":\""2026-08-03 23:44:13\"",\""speaker\"":\""agent\"",\""content\"":\""需要明天用电脑查询\""},{\""timestamp\"":\""2026-08-03 23:44:16\"",\""speaker\"":\""agent\"",\""content\"":\""13000000000\""},{\""timestamp\"":\""2026-08-03 23:44:19\"",\""speaker\"":\""agent\"",\""content\"":\""这是我的微信\""}]"", ""current_tenant_message"": ""{\""speaker\"":\""tenant\"",\""content\"":\""好明天发我\"",\""timestamp\"":\""2026-08-03 23:44:27\""}""}",,,
"{""message_id"": ""CVOU-P3RL-K5E7-FBJQ"", ""business_type"": ""STANDARD_RENTAL"", ""listing_context"": ""{}"", ""conversation_history"": ""[{\""timestamp\"":\""2026-07-22 15:45:31\"",\""speaker\"":\""tenant\"",\""content\"":\""您好，可以帮我详细介绍下该房源情况吗？\""},{\""timestamp\"":\""2026-07-22 15:45:32\"",\""speaker\"":\""tenant\"",\""content\"":\""[{\\\""826137809\\\"":\\\""[房源]整租·东体小区·2室1厅 2室1厅1卫 • 58㎡ • 南 4400 元/月(季付价)\\\""}]\""},{\""timestamp\"":\""2026-07-22 15:45:32\"",\""speaker\"":\""tenant\"",\""content\"":\""{\\\""title\\\"":\\\""用户通过租房详情-钻展进入聊天\\\""}\""},{\""timestamp\"":\""2026-07-22 15:46:01\"",\""speaker\"":\""agent\"",\""content\"":\""您主要想了解哪方面的信息，方便的话加下微信，我给您详细介绍一下？\""},{\""timestamp\"":\""2026-07-22 15:46:11\"",\""speaker\"":\""agent\"",\""content\"":\""南北两房一厅\""},{\""timestamp\"":\""2026-07-22 15:46:13\"",\""speaker\"":\""agent\"",\""content\"":\""合适可以过来看看\""},{\""timestamp\"":\""2026-07-23 09:26:52\"",\""speaker\"":\""agent\"",\""content\"":\""你好有租房的需求吗\""},{\""timestamp\"":\""2026-07-24 09:14:48\"",\""speaker\"":\""agent\"",\""content\"":\""1\""},{\""timestamp\"":\""2026-07-25 09:05:24\"",\""speaker\"":\""agent\"",\""content\"":\""你好有租房的需求吗\""},{\""timestamp\"":\""2026-07-26 09:46:07\"",\""speaker\"":\""agent\"",\""content\"":\""1\""},{\""timestamp\"":\""2026-07-27 12:22:40\"",\""speaker\"":\""agent\"",\""content\"":\""1\""},{\""timestamp\"":\""2026-07-28 21:16:38\"",\""speaker\"":\""agent\"",\""content\"":\""[{\\\""825844473\\\"":\\\""[房源]整租·曲阳·**模**区·2室·0厅 2室0厅·55.00㎡·南·上外模二小区 4500元/月\\\""}]\""},{\""timestamp\"":\""2026-07-29 20:31:42\"",\""speaker\"":\""tenant\"",\""content\"":\""到几月份\""},{\""timestamp\"":\""2026-07-29 20:31:45\"",\""speaker\"":\""tenant\"",\""content\"":\""几楼\""},{\""timestamp\"":\""2026-07-29 20:31:52\"",\""speaker\"":\""agent\"",\""content\"":\""您可以告诉我您具体的楼层需求吗？我会按照您的要求匹配符合您的房源\""},{\""timestamp\"":\""2026-07-29 20:32:02\"",\""speaker\"":\""agent\"",\""content\"":\""在的合适可以过来看看\""},{\""timestamp\"":\""2026-07-29 23:07:39\"",\""speaker\"":\""tenant\"",\""content\"":\""[{\\\""826117350\\\"":\\\""[房源]整租·东体小区·2室1厅 2室1厅1卫 • 55㎡ • 南 5100 元/月(季付价)\\\""}]\""},{\""timestamp\"":\""2026-07-29 23:07:39\"",\""speaker\"":\""tenant\"",\""content\"":\""{\\\""title\\\"":\\\""用户通过租房详情-钻展进入聊天\\\""}\""},{\""timestamp\"":\""2026-07-29 23:07:39\"",\""speaker\"":\""tenant\"",\""content\"":\""您好，可以帮我详细介绍下该房源情况吗？\""},{\""timestamp\"":\""2026-07-29 23:07:47\"",\""speaker\"":\""tenant\"",\""content\"":\""有图片吗\""},{\""timestamp\"":\""2026-07-29 23:08:12\"",\""speaker\"":\""agent\"",\""content\"":\""有\""},{\""timestamp\"":\""2026-07-29 23:08:27\"",\""speaker\"":\""agent\"",\""content\"":\""6楼\""},{\""timestamp\"":\""2026-07-29 23:08:47\"",\""speaker\"":\""agent\"",\""content\"":\""东体小区明天去拍\""},{\""timestamp\"":\""2026-07-29 23:45:07\"",\""speaker\"":\""agent\"",\""content\"":\""方便留个联系方式可以吗\""},{\""timestamp\"":\""2026-07-30 21:03:09\"",\""speaker\"":\""agent\"",\""content\"":\""！你好有租房的需求吗\""},{\""timestamp\"":\""2026-07-31 02:44:06\"",\""speaker\"":\""agent\"",\""content\"":\""1\""},{\""timestamp\"":\""2026-08-01 10:14:00\"",\""speaker\"":\""agent\"",\""content\"":\""你好有租房的需求吗\""},{\""timestamp\"":\""2026-08-02 09:14:26\"",\""speaker\"":\""agent\"",\""content\"":\""你好房子租好了吗\""},{\""timestamp\"":\""2026-08-02 14:57:59\"",\""speaker\"":\""tenant\"",\""content\"":\""您好，可以帮我详细介绍下该房源情况吗？\""},{\""timestamp\"":\""2026-08-02 14:58:00\"",\""speaker\"":\""tenant\"",\""content\"":\""[{\\\""826117350\\\"":\\\""[房源]整租·东体小区·2室1厅 2室1厅1卫 • 55㎡ • 南 5100 元/月(季付价)\\\""}]\""},{\""timestamp\"":\""2026-08-02 14:58:00\"",\""speaker\"":\""tenant\"",\""content\"":\""{\\\""title\\\"":\\\""用户通过租房详情-钻展进入聊天\\\""}\""},{\""timestamp\"":\""2026-08-02 14:58:05\"",\""speaker\"":\""tenant\"",\""content\"":\""有图片吗\""},{\""timestamp\"":\""2026-08-02 14:58:11\"",\""speaker\"":\""agent\"",\""content\"":\""在的合适可以过来看看\""},{\""timestamp\"":\""2026-08-03 15:54:02\"",\""speaker\"":\""agent\"",\""content\"":\""1\""},{\""timestamp\"":\""2026-08-03 20:55:26\"",\""speaker\"":\""tenant\"",\""content\"":\""[img]\""},{\""timestamp\"":\""2026-08-03 20:55:33\"",\""speaker\"":\""tenant\"",\""content\"":\""有视频吗\""},{\""timestamp\"":\""2026-08-03 20:55:40\"",\""speaker\"":\""agent\"",\""content\"":\""留个联系方式\""},{\""timestamp\"":\""2026-08-03 20:55:45\"",\""speaker\"":\""agent\"",\""content\"":\""发你拍后面\""}]"", ""current_tenant_message"": ""{\""speaker\"":\""tenant\"",\""content\"":\""我有你的微信\"",\""timestamp\"":\""2026-08-03 20:56:15\""}""}",,,
"{""message_id"": ""CVP1-89CV-7JS4-86MF"", ""business_type"": ""STANDARD_RENTAL"", ""listing_context"": ""{}"", ""conversation_history"": ""[{\""timestamp\"":\""2026-08-03 23:40:46\"",\""speaker\"":\""tenant\"",\""content\"":\""[{\\\""36106490\\\"":\\\""[房源]整租·古荡新村西区·2室2厅 2室2厅1卫 67.6㎡  南 2300元/月\\\""}]\""},{\""timestamp\"":\""2026-08-03 23:40:46\"",\""speaker\"":\""tenant\"",\""content\"":\""{\\\""title\\\"":\\\""用户通过租房详情-钻展进入聊天\\\""}\""},{\""timestamp\"":\""2026-08-03 23:40:46\"",\""speaker\"":\""tenant\"",\""content\"":\""您好，可以帮我详细介绍下该房源情况吗？\""},{\""timestamp\"":\""2026-08-03 23:41:01\"",\""speaker\"":\""tenant\"",\""content\"":\""[{\\\""36106490\\\"":\\\""[房源]整租·古荡新村西区·2室2厅 2室2厅1卫 67.6㎡  南 2300元/月\\\""}]\""},{\""timestamp\"":\""2026-08-03 23:41:01\"",\""speaker\"":\""tenant\"",\""content\"":\""您好，可以帮我详细介绍下该房源情况吗？\""},{\""timestamp\"":\""2026-08-03 23:41:08\"",\""speaker\"":\""tenant\"",\""content\"":\""是顶层吗\""},{\""timestamp\"":\""2026-08-03 23:41:14\"",\""speaker\"":\""agent\"",\""content\"":\""你好\""},{\""timestamp\"":\""2026-08-03 23:41:26\"",\""speaker\"":\""agent\"",\""content\"":\""是顶层，但是采光好、安静，单价相对也便宜很多，您是考虑高楼层还是低楼层？\""},{\""timestamp\"":\""2026-08-03 23:42:03\"",\""speaker\"":\""agent\"",\""content\"":\""如果同意我帮您找房，可将您的联系方式发我，方便联系到您\""},{\""timestamp\"":\""2026-08-03 23:43:48\"",\""speaker\"":\""tenant\"",\""content\"":\""客户手机号：13000000000(请谨慎使用，请勿将客户电话外泄!)\""},{\""timestamp\"":\""2026-08-03 23:43:51\"",\""speaker\"":\""tenant\"",\""content\"":\""我想考虑带电梯的中层楼\""},{\""timestamp\"":\""2026-08-03 23:44:03\"",\""speaker\"":\""tenant\"",\""content\"":\""这个还能便宜吗？\""},{\""timestamp\"":\""2026-08-03 23:44:11\"",\""speaker\"":\""tenant\"",\""content\"":\""加上服务费有点贵\""},{\""timestamp\"":\""2026-08-03 23:44:12\"",\""speaker\"":\""agent\"",\""content\"":\""价格可以谈的\""},{\""timestamp\"":\""2026-08-03 23:44:26\"",\""speaker\"":\""agent\"",\""content\"":\""要不要明天过来看一下房子先\""},{\""timestamp\"":\""2026-08-03 23:44:35\"",\""speaker\"":\""agent\"",\""content\"":\""我先加您微信吧\""},{\""timestamp\"":\""2026-08-03 23:48:38\"",\""speaker\"":\""agent\"",\""content\"":\""价格可以沟通的\""}]"", ""current_tenant_message"": ""{\""speaker\"":\""tenant\"",\""content\"":\""2100左右吧我的预算您这个还有服务费\"",\""timestamp\"":\""2026-08-03 23:49:12\""}""}",,,
"{""message_id"": ""CVOS-NG74-FTC5-MKIK"", ""business_type"": ""STANDARD_RENTAL"", ""listing_context"": ""{}"", ""conversation_history"": ""[{\""timestamp\"":\""2026-08-03 18:32:54\"",\""speaker\"":\""tenant\"",\""content\"":\""[{\\\""90047944\\\"":\\\""[房源]整租·石泉路97弄·1室0厅 1室1卫 30.92㎡  南 3800元/月\\\""}]\""}]"", ""current_tenant_message"": ""{\""speaker\"":\""tenant\"",\""content\"":\""您好，我想了解下本房源的租金费用情况。\"",\""timestamp\"":\""2026-08-03 18:32:54\""}""}",,,
"{""message_id"": ""CVOK-IR28-HQI6-6IQC"", ""business_type"": ""STANDARD_RENTAL"", ""listing_context"": ""{}"", ""conversation_history"": ""[{\""timestamp\"":\""2026-08-03 08:52:35\"",\""speaker\"":\""tenant\"",\""content\"":\""[{\\\""90382662\\\"":\\\""[房源]整租·金泰丽富嘉园北院·2室1厅 2室1厅1卫 76.54㎡  南 5300元/月\\\""}]\""},{\""timestamp\"":\""2026-08-03 08:52:35\"",\""speaker\"":\""tenant\"",\""content\"":\""{\\\""title\\\"":\\\""用户通过租房详情-钻展进入聊天\\\""}\""},{\""timestamp\"":\""2026-08-03 08:52:35\"",\""speaker\"":\""tenant\"",\""content\"":\""您好，可以帮我详细介绍下该房源情况吗？\""},{\""timestamp\"":\""2026-08-03 08:52:45\"",\""speaker\"":\""agent\"",\""content\"":\""您好\""},{\""timestamp\"":\""2026-08-03 08:53:09\"",\""speaker\"":\""tenant\"",\""content\"":\""您好预算4700能租到两房吗\""},{\""timestamp\"":\""2026-08-03 08:53:22\"",\""speaker\"":\""agent\"",\""content\"":\""两居吗\""},{\""timestamp\"":\""2026-08-03 08:53:57\"",\""speaker\"":\""agent\"",\""content\"":\""可以\""},{\""timestamp\"":\""2026-08-03 09:03:26\"",\""speaker\"":\""tenant\"",\""content\"":\""有近地铁的吗\""}]"", ""current_tenant_message"": ""{\""speaker\"":\""tenant\"",\""content\"":\""对\"",\""timestamp\"":\""2026-08-03 09:03:29\""}""}",,,
"{""message_id"": ""CVOV-E8DI-LE66-KC5J"", ""business_type"": ""MANAGED_RENTAL"", ""listing_context"": ""{}"", ""conversation_history"": ""[{\""timestamp\"":\""2026-07-29 07:52:00\"",\""speaker\"":\""tenant\"",\""content\"":\""哦\""},{\""timestamp\"":\""2026-07-29 07:52:05\"",\""speaker\"":\""tenant\"",\""content\"":\""也是月初\""},{\""timestamp\"":\""2026-07-29 07:52:16\"",\""speaker\"":\""agent\"",\""content\"":\""别的小区还有价位差不多的\""},{\""timestamp\"":\""2026-07-29 07:53:03\"",\""speaker\"":\""tenant\"",\""content\"":\""定福庄北里这边有吗，褡裢坡附近的\""},{\""timestamp\"":\""2026-07-29 07:53:33\"",\""speaker\"":\""agent\"",\""content\"":\""常营地铁站附近有多一些\""},{\""timestamp\"":\""2026-07-29 07:53:46\"",\""speaker\"":\""agent\"",\""content\"":\""褡裢坡那边比较少\""},{\""timestamp\"":\""2026-07-29 09:08:50\"",\""speaker\"":\""agent\"",\""content\"":\""苹果派的房子空置\""},{\""timestamp\"":\""2026-07-29 09:08:54\"",\""speaker\"":\""agent\"",\""content\"":\""随时可以看房\""},{\""timestamp\"":\""2026-08-03 21:36:57\"",\""speaker\"":\""tenant\"",\""content\"":\""这个房子空了是吧\""},{\""timestamp\"":\""2026-08-03 21:37:13\"",\""speaker\"":\""agent\"",\""content\"":\""是呢\""},{\""timestamp\"":\""2026-08-03 21:37:32\"",\""speaker\"":\""tenant\"",\""content\"":\""这套房子价格还可以再商量么？\""},{\""timestamp\"":\""2026-08-03 21:37:36\"",\""speaker\"":\""agent\"",\""content\"":\""我需要看看还在不在了\""},{\""timestamp\"":\""2026-08-03 21:37:41\"",\""speaker\"":\""agent\"",\""content\"":\""😄\""},{\""timestamp\"":\""2026-08-03 21:37:45\"",\""speaker\"":\""agent\"",\""content\"":\""13000000000\""},{\""timestamp\"":\""2026-08-03 21:37:51\"",\""speaker\"":\""agent\"",\""content\"":\""我的微信电话\""},{\""timestamp\"":\""2026-08-03 21:38:43\"",\""speaker\"":\""agent\"",\""content\"":\""目前空置\""},{\""timestamp\"":\""2026-08-03 21:38:49\"",\""speaker\"":\""agent\"",\""content\"":\""可以随时看房\""},{\""timestamp\"":\""2026-08-03 21:39:00\"",\""speaker\"":\""agent\"",\""content\"":\""价格的话下降空间不大\""},{\""timestamp\"":\""2026-08-03 21:39:04\"",\""speaker\"":\""agent\"",\""content\"":\""您是预算多\""},{\""timestamp\"":\""2026-08-03 21:39:16\"",\""speaker\"":\""agent\"",\""content\"":\""预算多少呢\""},{\""timestamp\"":\""2026-08-03 21:39:20\"",\""speaker\"":\""tenant\"",\""content\"":\""底价能给到多少\""},{\""timestamp\"":\""2026-08-03 21:39:40\"",\""speaker\"":\""agent\"",\""content\"":\""我问一下\""},{\""timestamp\"":\""2026-08-03 21:40:43\"",\""speaker\"":\""agent\"",\""content\"":\""1600最低\""},{\""timestamp\"":\""2026-08-03 21:41:50\"",\""speaker\"":\""agent\"",\""content\"":\""看房子不\""},{\""timestamp\"":\""2026-08-03 21:42:15\"",\""speaker\"":\""tenant\"",\""content\"":\""这会儿看不\""}]"", ""current_tenant_message"": ""{\""speaker\"":\""tenant\"",\""content\"":\""这会儿看啊\"",\""timestamp\"":\""2026-08-03 21:42:26\""}""}",,,
"{""message_id"": ""CVOQ-F9VH-01A6-P7NM"", ""business_type"": ""STANDARD_RENTAL"", ""listing_context"": ""{}"", ""conversation_history"": ""[{\""timestamp\"":\""2026-08-03 15:54:47\"",\""speaker\"":\""tenant\"",\""content\"":\""[{\\\""913693949\\\"":\\\""[房源]整租·皇亲苑·2室1厅 2室1厅1卫 61㎡  南 3000元/月\\\""}]\""},{\""timestamp\"":\""2026-08-03 15:54:48\"",\""speaker\"":\""tenant\"",\""content\"":\""{\\\""title\\\"":\\\""用户通过租房详情-钻展进入聊天\\\""}\""},{\""timestamp\"":\""2026-08-03 15:54:48\"",\""speaker\"":\""tenant\"",\""content\"":\""您好，可以帮我详细介绍下该房源情况吗？\""},{\""timestamp\"":\""2026-08-03 15:54:58\"",\""speaker\"":\""tenant\"",\""content\"":\""除了房租还有其他费用吗？例如物业费、垃圾清运费怎么算的？\""}]"", ""current_tenant_message"": ""{\""speaker\"":\""tenant\"",\""content\"":\""房子还在？\"",\""timestamp\"":\""2026-08-03 15:55:12\""}""}",,,
"{""message_id"": ""CVOP-LOSH-JL25-SREC"", ""business_type"": ""STANDARD_RENTAL"", ""listing_context"": ""{}"", ""conversation_history"": ""[{\""timestamp\"":\""2026-08-03 14:57:47\"",\""speaker\"":\""tenant\"",\""content\"":\""[{\\\""913773804\\\"":\\\""[房源]整租·锦绣江南·3室2厅 3室2厅2卫 · 184.42㎡ · 南 7400元/月(季付价)\\\""}]\""},{\""timestamp\"":\""2026-08-03 14:57:47\"",\""speaker\"":\""tenant\"",\""content\"":\""您好，可以帮我详细介绍下该房源情况吗？\""},{\""timestamp\"":\""2026-08-03 14:57:48\"",\""speaker\"":\""tenant\"",\""content\"":\""{\\\""title\\\"":\\\""用户通过租房详情-钻展进入聊天\\\""}\""},{\""timestamp\"":\""2026-08-03 14:57:54\"",\""speaker\"":\""tenant\"",\""content\"":\""这个房子还有吗\""},{\""timestamp\"":\""2026-08-03 14:58:43\"",\""speaker\"":\""tenant\"",\""content\"":\""[{\\\""913773804\\\"":\\\""[房源]整租·锦绣江南·3室2厅 3室2厅2卫 · 184.42㎡ · 南 7400元/月(季付价)\\\""}]\""},{\""timestamp\"":\""2026-08-03 14:58:43\"",\""speaker\"":\""tenant\"",\""content\"":\""您好，可以帮我详细介绍下该房源情况吗？\""},{\""timestamp\"":\""2026-08-03 14:59:10\"",\""speaker\"":\""agent\"",\""content\"":\""在的\""},{\""timestamp\"":\""2026-08-03 14:59:15\"",\""speaker\"":\""tenant\"",\""content\"":\""[{\\\""913773804\\\"":\\\""[房源]整租·锦绣江南·3室2厅 3室2厅2卫 · 184.42㎡ · 南 7400元/月(季付价)\\\""}]\""},{\""timestamp\"":\""2026-08-03 14:59:15\"",\""speaker\"":\""tenant\"",\""content\"":\""您好，可以帮我详细介绍下该房源情况吗？\""},{\""timestamp\"":\""2026-08-03 14:59:20\"",\""speaker\"":\""agent\"",\""content\"":\""如果同意我帮您找房，可将您的联系方式发我，方便联系到您\""}]"", ""current_tenant_message"": ""{\""speaker\"":\""tenant\"",\""content\"":\""啥时候能看\"",\""timestamp\"":\""2026-08-03 14:59:25\""}""}",,,
"{""message_id"": ""CVOP-UJ0H-NL86-922F"", ""business_type"": ""MANAGED_RENTAL"", ""listing_context"": ""{}"", ""conversation_history"": ""[{\""timestamp\"":\""2026-08-03 15:17:23\"",\""speaker\"":\""tenant\"",\""content\"":\""您好，可以帮我详细介绍下该房源情况吗？\""},{\""timestamp\"":\""2026-08-03 15:17:24\"",\""speaker\"":\""tenant\"",\""content\"":\""[{\\\""90007564\\\"":\\\""[房源]整租·善水苑·2室2厅 2室2厅1卫 • 100.98㎡ • 南 1200 元/月(月付价)\\\""}]\""},{\""timestamp\"":\""2026-08-03 15:17:24\"",\""speaker\"":\""tenant\"",\""content\"":\""{\\\""title\\\"":\\\""用户通过租房详情-钻展进入聊天\\\""}\""},{\""timestamp\"":\""2026-08-03 15:17:34\"",\""speaker\"":\""tenant\"",\""content\"":\""相遇上标的这个钱是所有的费用吗？\""},{\""timestamp\"":\""2026-08-03 15:17:35\"",\""speaker\"":\""agent\"",\""content\"":\""您好\""},{\""timestamp\"":\""2026-08-03 15:17:48\"",\""speaker\"":\""agent\"",\""content\"":\""不是的\""},{\""timestamp\"":\""2026-08-03 15:17:56\"",\""speaker\"":\""agent\"",\""content\"":\""只包物业费\""},{\""timestamp\"":\""2026-08-03 15:18:03\"",\""speaker\"":\""tenant\"",\""content\"":\""[{\\\""90007564\\\"":\\\""[房源]整租·善水苑·2室2厅 2室2厅1卫 • 100.98㎡ • 南 1200 元/月(月付价)\\\""}]\""},{\""timestamp\"":\""2026-08-03 15:18:03\"",\""speaker\"":\""tenant\"",\""content\"":\""您好，可以帮我详细介绍下该房源情况吗？\""},{\""timestamp\"":\""2026-08-03 15:18:17\"",\""speaker\"":\""agent\"",\""content\"":\""这套房子包物业费\""},{\""timestamp\"":\""2026-08-03 15:18:20\"",\""speaker\"":\""tenant\"",\""content\"":\""就是这1200，包含什么服务费啥的不？\""},{\""timestamp\"":\""2026-08-03 15:18:26\"",\""speaker\"":\""agent\"",\""content\"":\""如果月付的话每个月百十的服务费，季付的话每个月百八的服务费。\""},{\""timestamp\"":\""2026-08-03 15:18:26\"",\""speaker\"":\""tenant\"",\""content\"":\""还需要再出额外的服务费吗？\""},{\""timestamp\"":\""2026-08-03 15:18:31\"",\""speaker\"":\""agent\"",\""content\"":\""需要\""}]"", ""current_tenant_message"": ""{\""speaker\"":\""tenant\"",\""content\"":\""服务费是按什么算？是租金的一个百分比吗？\"",\""timestamp\"":\""2026-08-03 15:18:40\""}""}",,,
"{""message_id"": ""CVOK-6SGI-KTI7-JNFG"", ""business_type"": ""STANDARD_RENTAL"", ""listing_context"": ""{}"", ""conversation_history"": ""[{\""timestamp\"":\""2026-08-03 08:34:30\"",\""speaker\"":\""tenant\"",\""content\"":\""[{\\\""46203526\\\"":\\\""[房源]整租·观景新村·1室1厅 1室1厅1卫  30㎡  南 1100元/月(月付价)\\\""}]\""},{\""timestamp\"":\""2026-08-03 08:34:30\"",\""speaker\"":\""tenant\"",\""content\"":\""{\\\""title\\\"":\\\""用户通过租房详情-钻展进入聊天\\\""}\""},{\""timestamp\"":\""2026-08-03 08:34:30\"",\""speaker\"":\""tenant\"",\""content\"":\""您好，可以帮我详细介绍下该房源情况吗？\""},{\""timestamp\"":\""2026-08-03 08:34:46\"",\""speaker\"":\""tenant\"",\""content\"":\""这个是合租的吗\""},{\""timestamp\"":\""2026-08-03 08:36:13\"",\""speaker\"":\""agent\"",\""content\"":\""在的\""},{\""timestamp\"":\""2026-08-03 08:36:15\"",\""speaker\"":\""agent\"",\""content\"":\""也有整租的\""},{\""timestamp\"":\""2026-08-03 08:36:16\"",\""speaker\"":\""agent\"",\""content\"":\""如果同意我帮您找房，可将您的联系方式发我，方便联系到您\""},{\""timestamp\"":\""2026-08-03 08:36:54\"",\""speaker\"":\""tenant\"",\""content\"":\""一室一厅一厨一卫的多少钱\""},{\""timestamp\"":\""2026-08-03 08:37:04\"",\""speaker\"":\""agent\"",\""content\"":\""1800左右\""}]"", ""current_tenant_message"": ""{\""speaker\"":\""tenant\"",\""content\"":\""有没有1300-1500\"",\""timestamp\"":\""2026-08-03 08:37:22\""}""}",,,
"{""message_id"": ""CVOU-8597-VAK5-6PHV"", ""business_type"": ""STANDARD_RENTAL"", ""listing_context"": ""{}"", ""conversation_history"": ""[{\""timestamp\"":\""2026-08-03 05:12:25\"",\""speaker\"":\""tenant\"",\""content\"":\""[{\\\""914025321\\\"":\\\""[房源]整租·青枫墅园山语阁·3室2厅 3室2厅1卫 · 89.59㎡ · 南 2400元/月(季付价)\\\""}]\""},{\""timestamp\"":\""2026-08-03 05:12:25\"",\""speaker\"":\""tenant\"",\""content\"":\""您好，可以帮我详细介绍下该房源情况吗？\""},{\""timestamp\"":\""2026-08-03 05:12:26\"",\""speaker\"":\""tenant\"",\""content\"":\""{\\\""title\\\"":\\\""用户通过租房详情-钻展进入聊天\\\""}\""},{\""timestamp\"":\""2026-08-03 05:13:25\"",\""speaker\"":\""agent\"",\""content\"":\""[自动回复]您好，感谢选择我来为您服务。很抱歉现在不能及时回复，我会尽快与您联系。或拨打我的电话4008891293,5272祝献杰\""},{\""timestamp\"":\""2026-08-03 11:48:13\"",\""speaker\"":\""agent\"",\""content\"":\""你好\""},{\""timestamp\"":\""2026-08-03 11:48:21\"",\""speaker\"":\""agent\"",\""content\"":\""感兴趣可以留个联系方式\""},{\""timestamp\"":\""2026-08-03 11:48:23\"",\""speaker\"":\""agent\"",\""content\"":\""如果同意我帮您找房，可将您的联系方式发我，方便联系到您\""},{\""timestamp\"":\""2026-08-03 20:17:22\"",\""speaker\"":\""tenant\"",\""content\"":\""客户手机号：13000000000(请谨慎使用，请勿将客户电话外泄！)\""},{\""timestamp\"":\""2026-08-03 20:17:58\"",\""speaker\"":\""tenant\"",\""content\"":\""这个里面啥都没有的吗\""},{\""timestamp\"":\""2026-08-03 20:18:08\"",\""speaker\"":\""agent\"",\""content\"":\""没有\""}]"", ""current_tenant_message"": ""{\""speaker\"":\""tenant\"",\""content\"":\""有没有2室一厅一厨一卫\"",\""timestamp\"":\""2026-08-03 20:19:12\""}""}",,,
"{""message_id"": ""CVON-CQVE-UGC5-A94S"", ""business_type"": ""STANDARD_RENTAL"", ""listing_context"": ""{}"", ""conversation_history"": ""[{\""timestamp\"":\""2026-08-03 12:17:34\"",\""speaker\"":\""tenant\"",\""content\"":\""[{\\\""504991344\\\"":\\\""[房源]整租·东方郁金香·1室1厅 1室1厅1卫 • 45㎡ • 北 3300 元/月(季付价)\\\""}]\""},{\""timestamp\"":\""2026-08-03 12:17:34\"",\""speaker\"":\""tenant\"",\""content\"":\""{\\\""title\\\"":\\\""用户通过租房详情-钻展进入聊天\\\""}\""},{\""timestamp\"":\""2026-08-03 12:17:34\"",\""speaker\"":\""tenant\"",\""content\"":\""您好，可以帮我详细介绍下该房源情况吗？\""},{\""timestamp\"":\""2026-08-03 12:17:43\"",\""speaker\"":\""tenant\"",\""content\"":\""除了房租还有其他费用吗？例如物业费、垃圾清运费怎么算的？\""},{\""timestamp\"":\""2026-08-03 12:18:07\"",\""speaker\"":\""agent\"",\""content\"":\""您好，我是我爱我家张洪涛，感谢您选择我。本人从业8年，非常熟悉本商圈周边的房源和社区情况，有任何问题您都可以向我咨询，电话13000000000请问您想了解哪些内容？\""},{\""timestamp\"":\""2026-08-03 12:18:45\"",\""speaker\"":\""agent\"",\""content\"":\""您好，物业费，取暖费是业主来出的\""}]"", ""current_tenant_message"": ""{\""speaker\"":\""tenant\"",\""content\"":\""有房子的照片吗\"",\""timestamp\"":\""2026-08-03 12:20:05\""}""}",,,
"{""message_id"": ""CVOR-GF98-O8E6-4EJF"", ""business_type"": ""STANDARD_RENTAL"", ""listing_context"": ""{}"", ""conversation_history"": ""[{\""timestamp\"":\""2026-08-03 17:00:36\"",\""speaker\"":\""tenant\"",\""content\"":\""[{\\\""504910453\\\"":\\\""[房源]整租·二里庄·石油大院·2室·2厅 2室2厅1卫 100.34㎡ 南 12600元/月\\\""}]\""},{\""timestamp\"":\""2026-08-03 17:00:47\"",\""speaker\"":\""agent\"",\""content\"":\""您好\""},{\""timestamp\"":\""2026-08-03 17:00:50\"",\""speaker\"":\""agent\"",\""content\"":\""房子wxid_not_exist_000\""},{\""timestamp\"":\""2026-08-03 17:00:52\"",\""speaker\"":\""agent\"",\""content\"":\""还在\""},{\""timestamp\"":\""2026-08-03 17:00:58\"",\""speaker\"":\""agent\"",\""content\"":\""有钥匙，可以看房\""},{\""timestamp\"":\""2026-08-03 17:01:15\"",\""speaker\"":\""agent\"",\""content\"":\""您什么时候入住？\""},{\""timestamp\"":\""2026-08-03 17:01:18\"",\""speaker\"":\""agent\"",\""content\"":\""带您看看\""},{\""timestamp\"":\""2026-08-03 17:02:46\"",\""speaker\"":\""tenant\"",\""content\"":\""[{\\\""504910453\\\"":\\\""[房源]整租·二里庄·石油大院·2室·2厅 2室2厅1卫 100.34㎡ 南 12600元/月\\\""}]\""},{\""timestamp\"":\""2026-08-03 17:02:52\"",\""speaker\"":\""agent\"",\""content\"":\""您好\""},{\""timestamp\"":\""2026-08-03 17:03:03\"",\""speaker\"":\""agent\"",\""content\"":\""房子还在\""},{\""timestamp\"":\""2026-08-03 17:03:47\"",\""speaker\"":\""tenant\"",\""content\"":\""签一年，价格有优惠吗\""},{\""timestamp\"":\""2026-08-03 17:03:55\"",\""speaker\"":\""agent\"",\""content\"":\""价格可以谈\""},{\""timestamp\"":\""2026-08-03 17:04:08\"",\""speaker\"":\""agent\"",\""content\"":\""您什么时候有时间，带您看看\""},{\""timestamp\"":\""2026-08-03 17:06:56\"",\""speaker\"":\""tenant\"",\""content\"":\""今天可以\""},{\""timestamp\"":\""2026-08-03 17:07:26\"",\""speaker\"":\""agent\"",\""content\"":\""如果同意我帮您找房，可将您的联系方式发我，方便联系到您\""},{\""timestamp\"":\""2026-08-03 17:07:26\"",\""speaker\"":\""agent\"",\""content\"":\""方便留个联系方式\""},{\""timestamp\"":\""2026-08-03 17:07:26\"",\""speaker\"":\""agent\"",\""content\"":\""方便留个联系方式吗\""}]"", ""current_tenant_message"": ""{\""speaker\"":\""tenant\"",\""content\"":\""价格估计能谈多少\"",\""timestamp\"":\""2026-08-03 17:07:39\""}""}",,,
"{""message_id"": ""CVOP-PNQ7-3BC6-037V"", ""business_type"": ""STANDARD_RENTAL"", ""listing_context"": ""{}"", ""conversation_history"": ""[{\""timestamp\"":\""2026-08-03 15:08:03\"",\""speaker\"":\""tenant\"",\""content\"":\""[{\\\""913404793\\\"":\\\""[房源]整租·武林路·2室1厅 2室1厅1卫 46.45㎡  西 4500元/月\\\""}]\""},{\""timestamp\"":\""2026-08-03 15:08:03\"",\""speaker\"":\""tenant\"",\""content\"":\""{\\\""title\\\"":\\\""用户通过租房详情-钻展进入聊天\\\""}\""},{\""timestamp\"":\""2026-08-03 15:08:03\"",\""speaker\"":\""tenant\"",\""content\"":\""您好，可以帮我详细介绍下该房源情况吗？\""}]"", ""current_tenant_message"": ""{\""speaker\"":\""tenant\"",\""content\"":\""你好有微信吗？\"",\""timestamp\"":\""2026-08-03 15:08:05\""}""}",,,
"{""message_id"": ""CVOM-MD4T-KFI5-0CGI"", ""business_type"": ""STANDARD_RENTAL"", ""listing_context"": ""{}"", ""conversation_history"": ""[{\""timestamp\"":\""2026-08-03 11:29:14\"",\""speaker\"":\""tenant\"",\""content\"":\""[{\\\""46425168\\\"":\\\""[房源]整租·东港家园·2室1厅 2室1厅1卫 • 108㎡ • 西南 2000 元/月(年付价)\\\""}]\""},{\""timestamp\"":\""2026-08-03 11:29:14\"",\""speaker\"":\""tenant\"",\""content\"":\""您好，可以帮我详细介绍下该房源情况吗？\""},{\""timestamp\"":\""2026-08-03 11:29:15\"",\""speaker\"":\""tenant\"",\""content\"":\""{\\\""title\\\"":\\\""用户通过租房详情-钻展进入聊天\\\""}\""},{\""timestamp\"":\""2026-08-03 11:29:23\"",\""speaker\"":\""agent\"",\""content\"":\""你好\""},{\""timestamp\"":\""2026-08-03 11:29:25\"",\""speaker\"":\""agent\"",\""content\"":\""如果同意我帮您找房，可将您的联系方式发我，方便联系到您\""},{\""timestamp\"":\""2026-08-03 11:29:27\"",\""speaker\"":\""tenant\"",\""content\"":\""您好\""},{\""timestamp\"":\""2026-08-03 11:29:35\"",\""speaker\"":\""tenant\"",\""content\"":\""这个房子是几号楼几层\""},{\""timestamp\"":\""2026-08-03 11:29:59\"",\""speaker\"":\""agent\"",\""content\"":\""十几层我记得\""},{\""timestamp\"":\""2026-08-03 11:30:24\"",\""speaker\"":\""tenant\"",\""content\"":\""几号楼了\""},{\""timestamp\"":\""2026-08-03 11:30:29\"",\""speaker\"":\""tenant\"",\""content\"":\""看房方便吗\""},{\""timestamp\"":\""2026-08-03 11:30:33\"",\""speaker\"":\""agent\"",\""content\"":\""6号楼\""},{\""timestamp\"":\""2026-08-03 11:30:40\"",\""speaker\"":\""agent\"",\""content\"":\""看房方便的\""},{\""timestamp\"":\""2026-08-03 11:30:42\"",\""speaker\"":\""agent\"",\""content\"":\""如果同意我帮您找房，可将您的联系方式发我，方便联系到您\""},{\""timestamp\"":\""2026-08-03 11:30:48\"",\""speaker\"":\""agent\"",\""content\"":\""我加您个联系方式\""}]"", ""current_tenant_message"": ""{\""speaker\"":\""tenant\"",\""content\"":\""好的，那一会吧，我要过去了，联系你\"",\""timestamp\"":\""2026-08-03 11:31:05\""}""}",,,
"{""message_id"": ""CVOV-I36E-4J87-CH7B"", ""business_type"": ""STANDARD_RENTAL"", ""listing_context"": ""{}"", ""conversation_history"": ""[{\""timestamp\"":\""2026-08-03 21:50:44\"",\""speaker\"":\""tenant\"",\""content\"":\""[{\\\""913865061\\\"":\\\""[房源]整租·北宸之光二期·2室1厅 2室1厅1卫 · 76.9㎡ · 南 3400元/月(季付价)\\\""}]\""}]"", ""current_tenant_message"": ""{\""speaker\"":\""tenant\"",\""content\"":\""这套房子价格还可以再商量吗？\"",\""timestamp\"":\""2026-08-03 21:50:49\""}""}",,,
"{""message_id"": ""CVOS-7QMS-AV26-MDLL"", ""business_type"": ""MANAGED_RENTAL"", ""listing_context"": ""{}"", ""conversation_history"": ""[{\""timestamp\"":\""2026-08-03 17:58:30\"",\""speaker\"":\""tenant\"",\""content\"":\""[{\\\""90406963\\\"":\\\""[房源]合租·晨光家园A区·4室 4室1厅1卫 • 14㎡ • 北 2250 元/月(季付价)\\\""}]\""},{\""timestamp\"":\""2026-08-03 17:58:30\"",\""speaker\"":\""tenant\"",\""content\"":\""您好，可以帮我详细介绍下该房源情况吗？\""},{\""timestamp\"":\""2026-08-03 17:58:31\"",\""speaker\"":\""tenant\"",\""content\"":\""{\\\""title\\\"":\\\""用户通过租房详情-钻展进入聊天\\\""}\""}]"", ""current_tenant_message"": ""{\""speaker\"":\""tenant\"",\""content\"":\""您好卧室还有图片吗\"",\""timestamp\"":\""2026-08-03 17:58:40\""}""}",,,
"{""message_id"": ""CVOP-0SR3-18M6-33E1"", ""business_type"": ""STANDARD_RENTAL"", ""listing_context"": ""{}"", ""conversation_history"": ""[{\""timestamp\"":\""2026-08-03 13:57:58\"",\""speaker\"":\""tenant\"",\""content\"":\""[{\\\""90251733\\\"":\\\""[房源]合租·双兴南区·3室·房间C 3室1厅1卫 11㎡  北 800元/月\\\""}]\""},{\""timestamp\"":\""2026-08-03 13:57:58\"",\""speaker\"":\""tenant\"",\""content\"":\""{\\\""title\\\"":\\\""用户通过租房详情-信息咨询进入聊天\\\""}\""},{\""timestamp\"":\""2026-08-03 13:57:58\"",\""speaker\"":\""tenant\"",\""content\"":\""您好，我想了解下房源租金等费用明细。\""},{\""timestamp\"":\""2026-08-03 13:58:09\"",\""speaker\"":\""agent\"",\""content\"":\""您好\""},{\""timestamp\"":\""2026-08-03 13:58:47\"",\""speaker\"":\""agent\"",\""content\"":\""月租800元，请问您预算大概在什么范围呢？\""}]"", ""current_tenant_message"": ""{\""speaker\"":\""tenant\"",\""content\"":\""新的工作在裕龙小学\"",\""timestamp\"":\""2026-08-03 14:13:49\""}""}",,,
"{""message_id"": ""CVOL-J833-PDO5-SARR"", ""business_type"": ""MANAGED_RENTAL"", ""listing_context"": ""{}"", ""conversation_history"": ""[{\""timestamp\"":\""2026-08-03 10:12:38\"",\""speaker\"":\""tenant\"",\""content\"":\""[{\\\""1000510700\\\"":\\\""[房源]合租·大慧寺6号院 3室1厅1卫·11㎡·东 2450元/月\\\""}]\""},{\""timestamp\"":\""2026-08-03 10:12:47\"",\""speaker\"":\""tenant\"",\""content\"":\""您好这户目前住几个人\""},{\""timestamp\"":\""2026-08-03 10:13:29\"",\""speaker\"":\""agent\"",\""content\"":\""您好\""},{\""timestamp\"":\""2026-08-03 10:13:41\"",\""speaker\"":\""agent\"",\""content\"":\""这个目前一屋一个人\""},{\""timestamp\"":\""2026-08-03 10:13:53\"",\""speaker\"":\""agent\"",\""content\"":\""人员简单，\""},{\""timestamp\"":\""2026-08-03 10:14:10\"",\""speaker\"":\""tenant\"",\""content\"":\""图片看不出来\""}]"", ""current_tenant_message"": ""{\""speaker\"":\""tenant\"",\""content\"":\""这间有11平吗\"",\""timestamp\"":\""2026-08-03 10:14:17\""}""}",,,
"{""message_id"": ""CVOS-AFS7-0KK6-3E5U"", ""business_type"": ""MANAGED_RENTAL"", ""listing_context"": ""{}"", ""conversation_history"": ""[{\""timestamp\"":\""2026-08-03 18:01:52\"",\""speaker\"":\""tenant\"",\""content\"":\""[{\\\""1000012485\\\"":\\\""[房源]整租·文慧园公寓 1室1厅1卫·38.39㎡·西 5000元/月\\\""}]\""},{\""timestamp\"":\""2026-08-03 18:02:10\"",\""speaker\"":\""agent\"",\""content\"":\""您好\""},{\""timestamp\"":\""2026-08-03 18:02:38\"",\""speaker\"":\""agent\"",\""content\"":\""是想咨询这个房子嘛\""},{\""timestamp\"":\""2026-08-03 18:04:23\"",\""speaker\"":\""tenant\"",\""content\"":\""对的\""}]"", ""current_tenant_message"": ""{\""speaker\"":\""tenant\"",\""content\"":\""我还想问问周围有没有能租车位的小区\"",\""timestamp\"":\""2026-08-03 18:04:29\""}""}",,,
"{""message_id"": ""CVOQ-RPB8-9KS5-FSS2"", ""business_type"": ""STANDARD_RENTAL"", ""listing_context"": ""{}"", ""conversation_history"": ""[{\""timestamp\"":\""2026-08-03 16:22:16\"",\""speaker\"":\""tenant\"",\""content\"":\""[{\\\""505006379\\\"":\\\""[房源]整租·康泉新城·2室1厅 2室1厅1卫 • 95.29㎡ • 南 4800 元/月(年付价)\\\""}]\""},{\""timestamp\"":\""2026-08-03 16:22:16\"",\""speaker\"":\""tenant\"",\""content\"":\""{\\\""title\\\"":\\\""用户通过租房详情-钻展进入聊天\\\""}\""},{\""timestamp\"":\""2026-08-03 16:22:22\"",\""speaker\"":\""tenant\"",\""content\"":\""几楼？\""},{\""timestamp\"":\""2026-08-03 16:22:22\"",\""speaker\"":\""tenant\"",\""content\"":\""您好，可以帮我详细介绍下该房源情况吗？\""},{\""timestamp\"":\""2026-08-03 16:22:25\"",\""speaker\"":\""tenant\"",\""content\"":\""[{\\\""505006379\\\"":\\\""[房源]整租·康泉新城·2室1厅 2室1厅1卫 • 95.29㎡ • 南 4800 元/月(年付价)\\\""}]\""},{\""timestamp\"":\""2026-08-03 16:22:25\"",\""speaker\"":\""tenant\"",\""content\"":\""您好，可以帮我详细介绍下该房源情况吗？\""}]"", ""current_tenant_message"": ""{\""speaker\"":\""tenant\"",\""content\"":\""您好，可以帮我详细介绍下该房源情况吗？\"",\""timestamp\"":\""2026-08-03 16:22:28\""}""}",,,
"{""message_id"": ""CVOU-R4R4-R2A4-8RAJ"", ""business_type"": ""MANAGED_RENTAL"", ""listing_context"": ""{}"", ""conversation_history"": ""[{\""timestamp\"":\""2026-08-03 20:54:53\"",\""speaker\"":\""tenant\"",\""content\"":\""南法信\""},{\""timestamp\"":\""2026-08-03 20:55:31\"",\""speaker\"":\""agent\"",\""content\"":\""那其实义宾南这个合适的离地铁比之前的都近很多\""},{\""timestamp\"":\""2026-08-03 20:55:33\"",\""speaker\"":\""tenant\"",\""content\"":\""义宾南区这个，飞机噪音应该比较大吧？\""},{\""timestamp\"":\""2026-08-03 20:56:00\"",\""speaker\"":\""tenant\"",\""content\"":\""我就是睡眠不好，才不在南法信这边找房子的\""},{\""timestamp\"":\""2026-08-03 20:56:05\"",\""speaker\"":\""tenant\"",\""content\"":\""😂\""},{\""timestamp\"":\""2026-08-03 20:56:20\"",\""speaker\"":\""agent\"",\""content\"":\""额这个\""},{\""timestamp\"":\""2026-08-03 20:56:33\"",\""speaker\"":\""agent\"",\""content\"":\""咱这附近首都机场\""},{\""timestamp\"":\""2026-08-03 20:57:23\"",\""speaker\"":\""tenant\"",\""content\"":\""是的，\""},{\""timestamp\"":\""2026-08-03 20:57:38\"",\""speaker\"":\""agent\"",\""content\"":\""确实有飞机噪音这个没法保证，但是肯定不会特别吵的，\""},{\""timestamp\"":\""2026-08-03 20:58:16\"",\""speaker\"":\""agent\"",\""content\"":\""想我自己本身也是住在这附近的\""},{\""timestamp\"":\""2026-08-03 20:59:05\"",\""speaker\"":\""agent\"",\""content\"":\""其实也就是白天会声音大一些，还是我醒的时候\""},{\""timestamp\"":\""2026-08-03 20:59:13\"",\""speaker\"":\""tenant\"",\""content\"":\""义宾南区这个，能试一晚上吗\""},{\""timestamp\"":\""2026-08-03 20:59:34\"",\""speaker\"":\""tenant\"",\""content\"":\""主要吧，要是噪音大，房租也交了，不好退\""},{\""timestamp\"":\""2026-08-03 20:59:42\"",\""speaker\"":\""agent\"",\""content\"":\""这个我要跟管家商量的\""},{\""timestamp\"":\""2026-08-03 21:00:06\"",\""speaker\"":\""tenant\"",\""content\"":\""嗯嗯，或者离着这小区特别近的酒店也行\""},{\""timestamp\"":\""2026-08-03 21:00:12\"",\""speaker\"":\""tenant\"",\""content\"":\""我自己去试\""},{\""timestamp\"":\""2026-08-03 21:00:40\"",\""speaker\"":\""agent\"",\""content\"":\""其实最好问问其他租户是最好的\""}]"", ""current_tenant_message"": ""{\""speaker\"":\""tenant\"",\""content\"":\""估计一个晚上能接受就差不多了\"",\""timestamp\"":\""2026-08-03 21:00:41\""}""}",,,
"{""message_id"": ""CVOQ-FQOH-I505-MP3N"", ""business_type"": ""STANDARD_RENTAL"", ""listing_context"": ""{}"", ""conversation_history"": ""[{\""timestamp\"":\""2026-08-03 15:56:06\"",\""speaker\"":\""tenant\"",\""content\"":\""[{\\\""826103130\\\"":\\\""[房源]整租·协合紫薇园·2室2厅 2室2厅2卫 • 122㎡ • 南 12000 元/月(季付价)\\\""}]\""},{\""timestamp\"":\""2026-08-03 15:56:06\"",\""speaker\"":\""tenant\"",\""content\"":\""{\\\""title\\\"":\\\""用户通过租房详情-钻展进入聊天\\\""}\""},{\""timestamp\"":\""2026-08-03 15:56:06\"",\""speaker\"":\""tenant\"",\""content\"":\""您好，可以帮我详细介绍下该房源情况吗？\""}]"", ""current_tenant_message"": ""{\""speaker\"":\""tenant\"",\""content\"":\""请问中介费怎么收\"",\""timestamp\"":\""2026-08-03 15:56:20\""}""}",,,
"{""message_id"": ""CVOL-SBH5-1L26-26EM"", ""business_type"": ""STANDARD_RENTAL"", ""listing_context"": ""{}"", ""conversation_history"": ""[{\""timestamp\"":\""2026-08-02 10:53:19\"",\""speaker\"":\""tenant\"",\""content\"":\""可以的\""},{\""timestamp\"":\""2026-08-02 10:54:25\"",\""speaker\"":\""agent\"",\""content\"":\""我刚发的哪套随时能看\""},{\""timestamp\"":\""2026-08-02 10:54:27\"",\""speaker\"":\""tenant\"",\""content\"":\""建欣苑二里那个有照片了您发我一下吧\""},{\""timestamp\"":\""2026-08-02 10:54:35\"",\""speaker\"":\""agent\"",\""content\"":\""好的\""},{\""timestamp\"":\""2026-08-02 10:54:41\"",\""speaker\"":\""tenant\"",\""content\"":\""鑫福里的先不看了\""},{\""timestamp\"":\""2026-08-02 10:54:56\"",\""speaker\"":\""agent\"",\""content\"":\""嗯嗯，这几天我们拍了照片我马上发给您\""},{\""timestamp\"":\""2026-08-02 10:55:10\"",\""speaker\"":\""tenant\"",\""content\"":\""业主首次出租的吗\""},{\""timestamp\"":\""2026-08-02 10:56:04\"",\""speaker\"":\""agent\"",\""content\"":\""这个不确定，但是之前从来没登记出租过，我问问房东\""},{\""timestamp\"":\""2026-08-02 10:59:01\"",\""speaker\"":\""agent\"",\""content\"":\""我问了，是首次出租的，约了今天晚上去拍照片，拍完我发给您\""},{\""timestamp\"":\""2026-08-02 11:24:11\"",\""speaker\"":\""tenant\"",\""content\"":\""感谢\""},{\""timestamp\"":\""2026-08-02 11:24:26\"",\""speaker\"":\""agent\"",\""content\"":\""您客气\""}]"", ""current_tenant_message"": ""{\""speaker\"":\""tenant\"",\""content\"":\""有照片的话麻烦发我一下呀\"",\""timestamp\"":\""2026-08-03 10:34:10\""}""}",,,
"{""message_id"": ""CVOL-FR3G-NGK6-AT5H"", ""business_type"": ""STANDARD_RENTAL"", ""listing_context"": ""{}"", ""conversation_history"": ""[{\""timestamp\"":\""2026-08-03 09:26:14\"",\""speaker\"":\""tenant\"",\""content\"":\""[{\\\""504975136\\\"":\\\""[房源]整租·磨房北里·1室1厅 1室1厅1卫 • 45.4㎡ • 南北 4100 元/月(季付价)\\\""}]\""},{\""timestamp\"":\""2026-08-03 09:26:14\"",\""speaker\"":\""tenant\"",\""content\"":\""{\\\""title\\\"":\\\""用户通过租房详情-钻展进入聊天\\\""}\""},{\""timestamp\"":\""2026-08-03 09:26:14\"",\""speaker\"":\""tenant\"",\""content\"":\""您好，可以帮我详细介绍下该房源情况吗？\""},{\""timestamp\"":\""2026-08-03 09:26:20\"",\""speaker\"":\""tenant\"",\""content\"":\""顶楼吗\""},{\""timestamp\"":\""2026-08-03 09:26:27\"",\""speaker\"":\""agent\"",\""content\"":\""您好\""},{\""timestamp\"":\""2026-08-03 09:26:38\"",\""speaker\"":\""agent\"",\""content\"":\""五层\""},{\""timestamp\"":\""2026-08-03 09:26:42\"",\""speaker\"":\""agent\"",\""content\"":\""不是顶楼\""},{\""timestamp\"":\""2026-08-03 09:26:44\"",\""speaker\"":\""agent\"",\""content\"":\""如果同意我帮您找房，可将您的联系方式发我，方便联系到您\""},{\""timestamp\"":\""2026-08-03 10:05:24\"",\""speaker\"":\""tenant\"",\""content\"":\""多少号楼，临街吗\""},{\""timestamp\"":\""2026-08-03 10:06:24\"",\""speaker\"":\""agent\"",\""content\"":\""[自动回复]您好，感谢选择我来为您服务。很抱歉现在不能及时回复，我会尽快与您联系。或拨打我的电话4008896756,5247杜晓燕\""},{\""timestamp\"":\""2026-08-03 10:06:36\"",\""speaker\"":\""agent\"",\""content\"":\""您好\""},{\""timestamp\"":\""2026-08-03 10:06:40\"",\""speaker\"":\""agent\"",\""content\"":\""不临街\""},{\""timestamp\"":\""2026-08-03 10:06:44\"",\""speaker\"":\""agent\"",\""content\"":\""201号楼的\""},{\""timestamp\"":\""2026-08-03 10:06:45\"",\""speaker\"":\""agent\"",\""content\"":\""如果同意我帮您找房，可将您的联系方式发我，方便联系到您\""}]"", ""current_tenant_message"": ""{\""speaker\"":\""tenant\"",\""content\"":\""我看看\"",\""timestamp\"":\""2026-08-03 10:06:50\""}""}",,,
"{""message_id"": ""CVOO-VILD-0CO5-Q84G"", ""business_type"": ""MANAGED_RENTAL"", ""listing_context"": ""{}"", ""conversation_history"": ""[{\""timestamp\"":\""2026-08-03 14:10:41\"",\""speaker\"":\""tenant\"",\""content\"":\""[{\\\""90057852\\\"":\\\""[房源]整租·水桥花园·2室2厅 2室2厅1卫 • 114.13㎡ • 南 1600 元/月(月付价)\\\""}]\""},{\""timestamp\"":\""2026-08-03 14:10:41\"",\""speaker\"":\""tenant\"",\""content\"":\""{\\\""title\\\"":\\\""用户通过租房详情-钻展进入聊天\\\""}\""},{\""timestamp\"":\""2026-08-03 14:10:41\"",\""speaker\"":\""tenant\"",\""content\"":\""您好，可以帮我详细介绍下该房源情况吗？\""}]"", ""current_tenant_message"": ""{\""speaker\"":\""tenant\"",\""content\"":\""押金和房租怎么支付？\"",\""timestamp\"":\""2026-08-03 14:10:56\""}""}",,,
"{""message_id"": ""CVON-NHBH-AJQ7-GAJF"", ""business_type"": ""STANDARD_RENTAL"", ""listing_context"": ""{}"", ""conversation_history"": ""[]"", ""current_tenant_message"": ""{\""speaker\"":\""tenant\"",\""content\"":\""您好，可以帮我详细介绍下该房源情况吗？\"",\""timestamp\"":\""2026-08-03 12:43:28\""}""}",,,
"{""message_id"": ""CVOM-3GDB-7CO4-0G3R"", ""business_type"": ""STANDARD_RENTAL"", ""listing_context"": ""{}"", ""conversation_history"": ""[]"", ""current_tenant_message"": ""{\""speaker\"":\""tenant\"",\""content\"":\""您好，我最近正在看您所负责区域的房子，有推荐的小区吗？\"",\""timestamp\"":\""2026-08-03 10:49:48\""}""}",,,
"{""message_id"": ""CVOU-M3R7-N725-0CUG"", ""business_type"": ""MANAGED_RENTAL"", ""listing_context"": ""{}"", ""conversation_history"": ""[{\""timestamp\"":\""2026-08-03 20:48:34\"",\""speaker\"":\""tenant\"",\""content\"":\""[{\\\""912833624\\\"":\\\""[房源]整租·越秀星汇园·3室2厅 3室2厅1卫 · 83.75㎡ · 南 4076元/月(季付价)\\\""}]\""},{\""timestamp\"":\""2026-08-03 20:48:34\"",\""speaker\"":\""tenant\"",\""content\"":\""{\\\""title\\\"":\\\""用户通过租房详情-钻展进入聊天\\\""}\""},{\""timestamp\"":\""2026-08-03 20:48:34\"",\""speaker\"":\""tenant\"",\""content\"":\""您好，可以帮我详细介绍下该房源情况吗？\""},{\""timestamp\"":\""2026-08-03 20:48:36\"",\""speaker\"":\""tenant\"",\""content\"":\""您好\""},{\""timestamp\"":\""2026-08-03 20:48:49\"",\""speaker\"":\""agent\"",\""content\"":\""你好\""}]"", ""current_tenant_message"": ""{\""speaker\"":\""tenant\"",\""content\"":\""您好，可以帮我详细介绍下该房源情况吗？\"",\""timestamp\"":\""2026-08-03 20:49:41\""}""}",,,
"{""message_id"": ""CVOL-QG23-62G5-33NG"", ""business_type"": ""STANDARD_RENTAL"", ""listing_context"": ""{}"", ""conversation_history"": ""[{\""timestamp\"":\""2026-08-03 10:11:51\"",\""speaker\"":\""tenant\"",\""content\"":\""[{\\\""504956308\\\"":\\\""[房源]整租·西城晶华·车位 1室0卫 41.78㎡  南 2300元/月\\\""}]\""},{\""timestamp\"":\""2026-08-03 10:11:51\"",\""speaker\"":\""tenant\"",\""content\"":\""我想预约看房\""},{\""timestamp\"":\""2026-08-03 10:11:59\"",\""speaker\"":\""agent\"",\""content\"":\""您好\""},{\""timestamp\"":\""2026-08-03 10:12:05\"",\""speaker\"":\""agent\"",\""content\"":\""是车位，你要车位嘛\""},{\""timestamp\"":\""2026-08-03 10:12:37\"",\""speaker\"":\""tenant\"",\""content\"":\""看错了，想看房\""},{\""timestamp\"":\""2026-08-03 10:12:46\"",\""speaker\"":\""agent\"",\""content\"":\""您想看哪里的\""},{\""timestamp\"":\""2026-08-03 10:13:00\"",\""speaker\"":\""agent\"",\""content\"":\""晶华的嘛\""},{\""timestamp\"":\""2026-08-03 10:29:07\"",\""speaker\"":\""tenant\"",\""content\"":\""晶华、砖塔、金果、羊肉胡同都可以\""},{\""timestamp\"":\""2026-08-03 10:29:17\"",\""speaker\"":\""agent\"",\""content\"":\""如果同意我帮您找房，可将您的联系方式发我，方便联系到您\""},{\""timestamp\"":\""2026-08-03 10:29:23\"",\""speaker\"":\""agent\"",\""content\"":\""您预算多少找几居室\""},{\""timestamp\"":\""2026-08-03 10:29:25\"",\""speaker\"":\""agent\"",\""content\"":\""我帮您找找\""},{\""timestamp\"":\""2026-08-03 10:29:48\"",\""speaker\"":\""tenant\"",\""content\"":\""客户手机号：13000000000(请谨慎使用，请勿将客户电话外泄!)\""}]"", ""current_tenant_message"": ""{\""speaker\"":\""tenant\"",\""content\"":\""2000-5000\"",\""timestamp\"":\""2026-08-03 10:30:07\""}""}",,,
"{""message_id"": ""CVON-E8LJ-MVG4-N0K7"", ""business_type"": ""STANDARD_RENTAL"", ""listing_context"": ""{}"", ""conversation_history"": ""[{\""timestamp\"":\""2026-08-03 12:22:18\"",\""speaker\"":\""tenant\"",\""content\"":\""[{\\\""826123203\\\"":\\\""[房源]整租·田林六村·1室1厅 1室1厅1卫 • 61.5㎡ • 南 2750 元/月(季付价)\\\""}]\""},{\""timestamp\"":\""2026-08-03 12:22:18\"",\""speaker\"":\""tenant\"",\""content\"":\""您好，我想了解下房屋设施情况。\""}]"", ""current_tenant_message"": ""{\""speaker\"":\""tenant\"",\""content\"":\""您好，可以帮我详细介绍下该房源情况吗？\"",\""timestamp\"":\""2026-08-03 12:23:12\""}""}",,,
"{""message_id"": ""CVOC-UK45-1F44-78HC"", ""business_type"": ""STANDARD_RENTAL"", ""listing_context"": ""{}"", ""conversation_history"": ""[{\""timestamp\"":\""2026-08-03 00:08:46\"",\""speaker\"":\""tenant\"",\""content\"":\""您好，可以帮我详细介绍下该房源情况吗？\""},{\""timestamp\"":\""2026-08-03 00:08:47\"",\""speaker\"":\""tenant\"",\""content\"":\""[{\\\""913948701\\\"":\\\""[房源]整租·康新花园·1室0厅 1室1卫 • 95.56㎡ • 南 1500 元/月(季付价)\\\""}]\""},{\""timestamp\"":\""2026-08-03 00:08:47\"",\""speaker\"":\""tenant\"",\""content\"":\""{\\\""title\\\"":\\\""用户通过租房详情-钻展进入聊天\\\""}\""},{\""timestamp\"":\""2026-08-03 00:08:53\"",\""speaker\"":\""tenant\"",\""content\"":\""这个是合租吗\""},{\""timestamp\"":\""2026-08-03 00:09:53\"",\""speaker\"":\""agent\"",\""content\"":\""[自动回复]您好，感谢选择我来为您服务。很抱歉现在不能及时回复，我会尽快与您联系。或拨打我的电话4008891327,6783石福荫\""}]"", ""current_tenant_message"": ""{\""speaker\"":\""tenant\"",\""content\"":\""你好\"",\""timestamp\"":\""2026-08-03 00:09:59\""}""}",,,
"{""message_id"": ""CVP0-MA9O-5JK4-DBRD"", ""business_type"": ""MANAGED_RENTAL"", ""listing_context"": ""{}"", ""conversation_history"": ""[{\""timestamp\"":\""2026-08-03 23:02:54\"",\""speaker\"":\""tenant\"",\""content\"":\""我在vr里浏览了此房，想详尽了解下这个房子的情况。\""},{\""timestamp\"":\""2026-08-03 23:02:54\"",\""speaker\"":\""tenant\"",\""content\"":\""房子有什么优缺点？\""},{\""timestamp\"":\""2026-08-03 23:02:55\"",\""speaker\"":\""tenant\"",\""content\"":\""[{\\\""90413831\\\"":\\\""[房源]整租·双井·合生国际花园·1室 1室1厅1卫 68.95㎡ 南北 7600元/月\\\""}]\""},{\""timestamp\"":\""2026-08-03 23:03:10\"",\""speaker\"":\""agent\"",\""content\"":\""您好\""},{\""timestamp\"":\""2026-08-03 23:03:44\"",\""speaker\"":\""agent\"",\""content\"":\""房子小区环境好在双井这块算是靠前的了\""},{\""timestamp\"":\""2026-08-03 23:04:13\"",\""speaker\"":\""agent\"",\""content\"":\""户型舒适住人不拥挤\""},{\""timestamp\"":\""2026-08-03 23:04:24\"",\""speaker\"":\""agent\"",\""content\"":\""但是吧这个地方离地铁站远点\""},{\""timestamp\"":\""2026-08-03 23:04:40\"",\""speaker\"":\""agent\"",\""content\"":\""而且这小区的房价都偏贵\""},{\""timestamp\"":\""2026-08-03 23:05:05\"",\""speaker\"":\""agent\"",\""content\"":\""如果您考虑舒适性且可以接受离地铁站远一点\""},{\""timestamp\"":\""2026-08-03 23:05:20\"",\""speaker\"":\""agent\"",\""content\"":\""那这套确实不错\""},{\""timestamp\"":\""2026-08-03 23:05:54\"",\""speaker\"":\""agent\"",\""content\"":\""另外我这里有一些距离双井站近一些的价格也更优惠一些\""},{\""timestamp\"":\""2026-08-03 23:08:29\"",\""speaker\"":\""agent\"",\""content\"":\""[{\\\""90410114\\\"":\\\""[房源]双井·首城国际A区·低楼层·1居室 1室1厅1卫 东南 6935元\\\""}]\""},{\""timestamp\"":\""2026-08-03 23:08:41\"",\""speaker\"":\""agent\"",\""content\"":\""这套就离地铁站比较近\""},{\""timestamp\"":\""2026-08-03 23:08:52\"",\""speaker\"":\""agent\"",\""content\"":\""装修也比较干净利落一些\""},{\""timestamp\"":\""2026-08-03 23:09:04\"",\""speaker\"":\""agent\"",\""content\"":\""您看的那套是9月10号到期\""},{\""timestamp\"":\""2026-08-03 23:09:14\"",\""speaker\"":\""agent\"",\""content\"":\""如果您想近些日子入住的话\""},{\""timestamp\"":\""2026-08-03 23:09:18\"",\""speaker\"":\""tenant\"",\""content\"":\""这些不适合，我要找离工大附中近一点的\""},{\""timestamp\"":\""2026-08-03 23:09:19\"",\""speaker\"":\""agent\"",\""content\"":\""可以看看其他的\""},{\""timestamp\"":\""2026-08-03 23:09:29\"",\""speaker\"":\""tenant\"",\""content\"":\""陪读\""},{\""timestamp\"":\""2026-08-03 23:09:31\"",\""speaker\"":\""agent\"",\""content\"":\""工大附中附近的一居室吗\""},{\""timestamp\"":\""2026-08-03 23:09:33\"",\""speaker\"":\""agent\"",\""content\"":\""好的\""}]"", ""current_tenant_message"": ""{\""speaker\"":\""tenant\"",\""content\"":\""两居\"",\""timestamp\"":\""2026-08-03 23:09:56\""}""}",,,
"{""message_id"": ""CVOU-JKMU-T5G4-BO8L"", ""business_type"": ""STANDARD_RENTAL"", ""listing_context"": ""{}"", ""conversation_history"": ""[{\""timestamp\"":\""2026-08-03 20:44:02\"",\""speaker\"":\""tenant\"",\""content\"":\""[{\\\""504917830\\\"":\\\""[房源]整租·月坛北街·2室1厅 2室1厅1卫 • 58㎡ • 南北 8600 元/月(季付价)\\\""}]\""},{\""timestamp\"":\""2026-08-03 20:44:02\"",\""speaker\"":\""tenant\"",\""content\"":\""{\\\""title\\\"":\\\""用户通过租房详情-钻展进入聊天\\\""}\""},{\""timestamp\"":\""2026-08-03 20:44:02\"",\""speaker\"":\""tenant\"",\""content\"":\""您好，可以帮我详细介绍下该房源情况吗？\""},{\""timestamp\"":\""2026-08-03 20:44:11\"",\""speaker\"":\""agent\"",\""content\"":\""您好，\""},{\""timestamp\"":\""2026-08-03 20:44:12\"",\""speaker\"":\""tenant\"",\""content\"":\""明天能看房吗\""}]"", ""current_tenant_message"": ""{\""speaker\"":\""tenant\"",\""content\"":\""您好，可以帮我详细介绍下该房源情况吗？\"",\""timestamp\"":\""2026-08-03 20:44:17\""}""}",,,
"{""message_id"": ""CVON-E8R3-I6I5-AHII"", ""business_type"": ""STANDARD_RENTAL"", ""listing_context"": ""{}"", ""conversation_history"": ""[{\""timestamp\"":\""2026-08-02 22:02:35\"",\""speaker\"":\""tenant\"",\""content\"":\""[{\\\""819968088\\\"":\\\""[房源]整租·风采里·1室1厅 1室1厅1卫 53㎡  南北 1600元/月\\\""}]\""},{\""timestamp\"":\""2026-08-02 22:02:35\"",\""speaker\"":\""tenant\"",\""content\"":\""{\\\""title\\\"":\\\""用户通过租房详情-钻展进入聊天\\\""}\""},{\""timestamp\"":\""2026-08-02 22:02:35\"",\""speaker\"":\""tenant\"",\""content\"":\""您好，可以帮我详细介绍下该房源情况吗？\""},{\""timestamp\"":\""2026-08-02 22:02:44\"",\""speaker\"":\""tenant\"",\""content\"":\""有视频吗？\""},{\""timestamp\"":\""2026-08-02 22:02:47\"",\""speaker\"":\""agent\"",\""content\"":\""您好，您发的这套房子目前是正常在租的，业主也是诚心出租，我来帮您详细介绍一下吧。\""},{\""timestamp\"":\""2026-08-02 22:03:03\"",\""speaker\"":\""agent\"",\""content\"":\""没有\""},{\""timestamp\"":\""2026-08-02 22:17:55\"",\""speaker\"":\""agent\"",\""content\"":\""租户已经到期了，随时可以看\""},{\""timestamp\"":\""2026-08-02 23:37:46\"",\""speaker\"":\""tenant\"",\""content\"":\""房子周边交通方便吗？离地铁公交多远？\""},{\""timestamp\"":\""2026-08-02 23:38:46\"",\""speaker\"":\""agent\"",\""content\"":\""[自动回复]您好，感谢选择我来为您服务。很抱歉现在不能及时回复，我会尽快与您联系。或拨打我的电话4000616560,0787李京\""}]"", ""current_tenant_message"": ""{\""speaker\"":\""tenant\"",\""content\"":\""您好，我最近正在看您所负责区域的房子，有推荐的小区吗？\"",\""timestamp\"":\""2026-08-03 12:23:13\""}""}",,,
"{""message_id"": ""CVOV-2612-2F87-S4IQ"", ""business_type"": ""STANDARD_RENTAL"", ""listing_context"": ""{}"", ""conversation_history"": ""[{\""timestamp\"":\""2026-08-03 20:50:55\"",\""speaker\"":\""tenant\"",\""content\"":\""[{\\\""504921437\\\"":\\\""[房源]整租·沙滩后街55号院·2室1厅 2室1厅1卫 • 50.39㎡ • 南北 7800 元/月(季付价)\\\""}]\""},{\""timestamp\"":\""2026-08-03 20:50:55\"",\""speaker\"":\""tenant\"",\""content\"":\""{\\\""title\\\"":\\\""用户通过租房详情-钻展进入聊天\\\""}\""},{\""timestamp\"":\""2026-08-03 20:50:55\"",\""speaker\"":\""tenant\"",\""content\"":\""您好，可以帮我详细介绍下该房源情况吗？\""},{\""timestamp\"":\""2026-08-03 20:51:06\"",\""speaker\"":\""agent\"",\""content\"":\""您主要想了解哪方面的信息，方便的话加下微信，我给您详细介绍一下？\""},{\""timestamp\"":\""2026-08-03 20:51:09\"",\""speaker\"":\""agent\"",\""content\"":\""如果同意我帮您找房，可将您的联系方式发我，方便联系到您\""},{\""timestamp\"":\""2026-08-03 20:51:10\"",\""speaker\"":\""tenant\"",\""content\"":\""请问这个房子看着还不错，为啥一直没租出去呢\""},{\""timestamp\"":\""2026-08-03 20:51:12\"",\""speaker\"":\""agent\"",\""content\"":\""如果同意我帮您找房，可将您的联系方式发我，方便联系到您\""},{\""timestamp\"":\""2026-08-03 20:51:17\"",\""speaker\"":\""tenant\"",\""content\"":\""客户手机号：13000000000(请谨慎使用，请勿将客户电话外泄!)\""},{\""timestamp\"":\""2026-08-03 20:52:00\"",\""speaker\"":\""tenant\"",\""content\"":\""今年客户少吗？\""},{\""timestamp\"":\""2026-08-03 20:52:53\"",\""speaker\"":\""agent\"",\""content\"":\""比较少\""},{\""timestamp\"":\""2026-08-03 20:54:27\"",\""speaker\"":\""agent\"",\""content\"":\""[语音]\""},{\""timestamp\"":\""2026-08-03 21:15:10\"",\""speaker\"":\""tenant\"",\""content\"":\""我是出租房子，租不掉\""},{\""timestamp\"":\""2026-08-03 21:15:36\"",\""speaker\"":\""agent\"",\""content\"":\""可以登记\""},{\""timestamp\"":\""2026-08-03 21:15:57\"",\""speaker\"":\""tenant\"",\""content\"":\""登记过了\""}]"", ""current_tenant_message"": ""{\""speaker\"":\""tenant\"",\""content\"":\""没客户看\"",\""timestamp\"":\""2026-08-03 21:16:03\""}""}",,,
"{""message_id"": ""CVOV-VE82-CQK7-PDL6"", ""business_type"": ""MANAGED_RENTAL"", ""listing_context"": ""{}"", ""conversation_history"": ""[{\""timestamp\"":\""2026-08-03 22:19:50\"",\""speaker\"":\""tenant\"",\""content\"":\""[{\\\""90081152\\\"":\\\""[房源]整租·西班牙名园·2室2厅 2室2厅1卫 · 101.62㎡ · 南 8400元/月(月付价)\\\""}]\""},{\""timestamp\"":\""2026-08-03 22:19:50\"",\""speaker\"":\""tenant\"",\""content\"":\""{\\\""title\\\"":\\\""用户通过租房详情-钻展进入聊天\\\""}\""},{\""timestamp\"":\""2026-08-03 22:19:50\"",\""speaker\"":\""tenant\"",\""content\"":\""您好，可以帮我详细介绍下该房源情况吗？\""}]"", ""current_tenant_message"": ""{\""speaker\"":\""tenant\"",\""content\"":\""可以短租半年吗\"",\""timestamp\"":\""2026-08-03 22:19:58\""}""}",,,
"{""message_id"": ""CVOO-P54U-85U6-NBII"", ""business_type"": ""STANDARD_RENTAL"", ""listing_context"": ""{}"", ""conversation_history"": ""[]"", ""current_tenant_message"": ""{\""speaker\"":\""tenant\"",\""content\"":\""请问这套房子有更多照片吗？\"",\""timestamp\"":\""2026-08-03 13:56:54\""}""}",,,
"{""message_id"": ""CVOQ-FD3H-29C4-2UDH"", ""business_type"": ""STANDARD_RENTAL"", ""listing_context"": ""{}"", ""conversation_history"": ""[{\""timestamp\"":\""2026-08-03 15:54:17\"",\""speaker\"":\""tenant\"",\""content\"":\""[{\\\""826141808\\\"":\\\""[房源]整租·欣嘉苑-苍梧路468弄·1室0厅 1室1卫 • 115㎡ • 南北 1900 元/月(月付价)\\\""}]\""},{\""timestamp\"":\""2026-08-03 15:54:17\"",\""speaker\"":\""tenant\"",\""content\"":\""{\\\""title\\\"":\\\""用户通过租房详情-钻展进入聊天\\\""}\""},{\""timestamp\"":\""2026-08-03 15:54:17\"",\""speaker\"":\""tenant\"",\""content\"":\""您好，可以帮我详细介绍下该房源情况吗？\""},{\""timestamp\"":\""2026-08-03 15:54:26\"",\""speaker\"":\""tenant\"",\""content\"":\""这个房子视频有吗\""},{\""timestamp\"":\""2026-08-03 15:54:46\"",\""speaker\"":\""agent\"",\""content\"":\""您好\""}]"", ""current_tenant_message"": ""{\""speaker\"":\""tenant\"",\""content\"":\""您好，可以帮我详细介绍下该房源情况吗？\"",\""timestamp\"":\""2026-08-03 15:55:24\""}""}",,,
"{""message_id"": ""CVOM-KRLC-M8I7-LHNH"", ""business_type"": ""STANDARD_RENTAL"", ""listing_context"": ""{}"", ""conversation_history"": ""[{\""timestamp\"":\""2026-08-03 11:26:20\"",\""speaker\"":\""tenant\"",\""content\"":\""您好，我最近正在看您所负责区域的房子，有推荐的小区吗？\""},{\""timestamp\"":\""2026-08-03 11:26:21\"",\""speaker\"":\""tenant\"",\""content\"":\""{\\\""title\\\"":\\\""用户通过经纪人主页进入聊天\\\""}\""},{\""timestamp\"":\""2026-08-03 11:26:27\"",\""speaker\"":\""agent\"",\""content\"":\""您好！我爱我家珠江罗马店郭志莲很高兴为您服务！我从业7年、专业诚信、精耕朝青商圈；为您服务过程中，我承诺：信息咨询如实说、服务体验提前做、权益保障主动赔，本人手机号:13000000000同微信号；期待帮助您早日找到理想的家！\""},{\""timestamp\"":\""2026-08-03 11:26:30\"",\""speaker\"":\""agent\"",\""content\"":\""如果同意我帮您找房，可将您的联系方式发我，方便联系到您\""},{\""timestamp\"":\""2026-08-03 11:26:30\"",\""speaker\"":\""tenant\"",\""content\"":\""我想买套底商\""},{\""timestamp\"":\""2026-08-03 11:26:34\"",\""speaker\"":\""tenant\"",\""content\"":\""有卖的吗\""},{\""timestamp\"":\""2026-08-03 11:26:42\"",\""speaker\"":\""agent\"",\""content\"":\""底商\""},{\""timestamp\"":\""2026-08-03 11:26:47\"",\""speaker\"":\""tenant\"",\""content\"":\""对\""},{\""timestamp\"":\""2026-08-03 11:27:14\"",\""speaker\"":\""agent\"",\""content\"":\""要多大的\""},{\""timestamp\"":\""2026-08-03 11:27:26\"",\""speaker\"":\""agent\"",\""content\"":\""有的\""},{\""timestamp\"":\""2026-08-03 11:27:35\"",\""speaker\"":\""agent\"",\""content\"":\""您方便留个电话吗\""}]"", ""current_tenant_message"": ""{\""speaker\"":\""tenant\"",\""content\"":\""我加你微信了\"",\""timestamp\"":\""2026-08-03 11:27:42\""}""}",,,
"{""message_id"": ""CVOR-8SIA-BGK6-0O2J"", ""business_type"": ""STANDARD_RENTAL"", ""listing_context"": ""{}"", ""conversation_history"": ""[{\""timestamp\"":\""2026-08-03 16:42:40\"",\""speaker\"":\""tenant\"",\""content\"":\""您好，可以帮我详细介绍下该房源情况吗？\""},{\""timestamp\"":\""2026-08-03 16:42:41\"",\""speaker\"":\""tenant\"",\""content\"":\""[{\\\""504893384\\\"":\\\""[房源]整租·北关东路小区·2室1厅 2室1厅1卫 • 77.19㎡ • 南北 2600 元/月(季付价)\\\""}]\""},{\""timestamp\"":\""2026-08-03 16:42:41\"",\""speaker\"":\""tenant\"",\""content\"":\""{\\\""title\\\"":\\\""用户通过租房详情-钻展进入聊天\\\""}\""},{\""timestamp\"":\""2026-08-03 16:42:46\"",\""speaker\"":\""agent\"",\""content\"":\""在呢\""},{\""timestamp\"":\""2026-08-03 16:42:58\"",\""speaker\"":\""agent\"",\""content\"":\""目前空置，看好价格好商量。\""},{\""timestamp\"":\""2026-08-03 16:43:12\"",\""speaker\"":\""agent\"",\""content\"":\""需要实地了解一下吗？\""},{\""timestamp\"":\""2026-08-03 16:43:30\"",\""speaker\"":\""tenant\"",\""content\"":\""位置在靠近马路吗\""},{\""timestamp\"":\""2026-08-03 16:43:43\"",\""speaker\"":\""agent\"",\""content\"":\""离着马路挺近的\""},{\""timestamp\"":\""2026-08-03 16:44:02\"",\""speaker\"":\""agent\"",\""content\"":\""他客厅跟主卧室都是朝南朝小区里的，他只有一个北卧是朝马路的。\""},{\""timestamp\"":\""2026-08-03 16:44:21\"",\""speaker\"":\""agent\"",\""content\"":\""您是想要靠马路的吗？还是不靠马路的呀？\""},{\""timestamp\"":\""2026-08-03 16:45:13\"",\""speaker\"":\""agent\"",\""content\"":\""不靠马路里面的楼栋有一套是首次出租2400，跟这一套户型面积是一样的，是三层的。我发您看看，微信号多少？\""},{\""timestamp\"":\""2026-08-03 16:45:22\"",\""speaker\"":\""agent\"",\""content\"":\""如果同意我帮您找房，可将您的联系方式发我，方便联系到您\""},{\""timestamp\"":\""2026-08-03 16:45:32\"",\""speaker\"":\""tenant\"",\""content\"":\""客户手机号：13000000000(请谨慎使用，请勿将客户电话外泄!)\""},{\""timestamp\"":\""2026-08-03 16:45:41\"",\""speaker\"":\""agent\"",\""content\"":\""收到\""}]"", ""current_tenant_message"": ""{\""speaker\"":\""tenant\"",\""content\"":\""不靠马路那套什么样\"",\""timestamp\"":\""2026-08-03 16:51:05\""}""}",,,
"{""message_id"": ""CVOV-ATQD-DJI4-BRIO"", ""business_type"": ""STANDARD_RENTAL"", ""listing_context"": ""{}"", ""conversation_history"": ""[{\""timestamp\"":\""2026-08-03 21:18:35\"",\""speaker\"":\""tenant\"",\""content\"":\""[{\\\""504964196\\\"":\\\""[房源]整租·青年报宿舍·2室2厅 2室2厅2卫 · 110㎡ · 南 8500元/月(季付价)\\\""}]\""},{\""timestamp\"":\""2026-08-03 21:18:35\"",\""speaker\"":\""tenant\"",\""content\"":\""您好，我想了解下本房源的租金费用情况。\""},{\""timestamp\"":\""2026-08-03 21:18:36\"",\""speaker\"":\""tenant\"",\""content\"":\""{\\\""title\\\"":\\\""用户通过租房详情-信息咨询进入聊天\\\""}\""},{\""timestamp\"":\""2026-08-03 21:18:44\"",\""speaker\"":\""agent\"",\""content\"":\""月租8500元，您想租多久或者有什么其他要求吗？\""},{\""timestamp\"":\""2026-08-03 21:18:53\"",\""speaker\"":\""agent\"",\""content\"":\""押一付三\""},{\""timestamp\"":\""2026-08-03 21:34:53\"",\""speaker\"":\""tenant\"",\""content\"":\""可以办公吗\""}]"", ""current_tenant_message"": ""{\""speaker\"":\""tenant\"",\""content\"":\""长租\"",\""timestamp\"":\""2026-08-03 21:35:09\""}""}",,,
"{""message_id"": ""CVP0-NA3S-A6E6-LTNG"", ""business_type"": ""STANDARD_RENTAL"", ""listing_context"": ""{}"", ""conversation_history"": ""[{\""timestamp\"":\""2026-08-03 23:11:57\"",\""speaker\"":\""tenant\"",\""content\"":\""[{\\\""504940663\\\"":\\\""[房源]整租·紫城嘉园·2室1厅 2室1厅1卫 101.41㎡  南北 10800元/月\\\""}]\""},{\""timestamp\"":\""2026-08-03 23:11:57\"",\""speaker\"":\""tenant\"",\""content\"":\""您好，可以帮我详细介绍下该房源情况吗？\""},{\""timestamp\"":\""2026-08-03 23:11:58\"",\""speaker\"":\""tenant\"",\""content\"":\""{\\\""title\\\"":\\\""用户通过租房详情-钻展进入聊天\\\""}\""}]"", ""current_tenant_message"": ""{\""speaker\"":\""tenant\"",\""content\"":\""户型图发一下行吗\"",\""timestamp\"":\""2026-08-03 23:12:07\""}""}",,,
"{""message_id"": ""CVON-2PDH-RL04-1KB2"", ""business_type"": ""MANAGED_RENTAL"", ""listing_context"": ""{}"", ""conversation_history"": ""[{\""timestamp\"":\""2026-08-03 11:50:17\"",\""speaker\"":\""agent\"",\""content\"":\""房子在的\""},{\""timestamp\"":\""2026-08-03 11:50:17\"",\""speaker\"":\""tenant\"",\""content\"":\""[img]\""},{\""timestamp\"":\""2026-08-03 11:50:27\"",\""speaker\"":\""agent\"",\""content\"":\""对\""},{\""timestamp\"":\""2026-08-03 11:50:32\"",\""speaker\"":\""tenant\"",\""content\"":\""服务费每个月都要交吗\""},{\""timestamp\"":\""2026-08-03 11:50:37\"",\""speaker\"":\""agent\"",\""content\"":\""嗯\""},{\""timestamp\"":\""2026-08-03 11:50:59\"",\""speaker\"":\""agent\"",\""content\"":\""比中介费高点\""},{\""timestamp\"":\""2026-08-03 11:51:43\"",\""speaker\"":\""tenant\"",\""content\"":\""那直接交中介费不行吗\""},{\""timestamp\"":\""2026-08-03 11:51:53\"",\""speaker\"":\""agent\"",\""content\"":\""这个不行\""},{\""timestamp\"":\""2026-08-03 11:51:53\"",\""speaker\"":\""tenant\"",\""content\"":\""这样是高\""},{\""timestamp\"":\""2026-08-03 11:51:59\"",\""speaker\"":\""tenant\"",\""content\"":\""好吧\""},{\""timestamp\"":\""2026-08-03 11:52:10\"",\""speaker\"":\""agent\"",\""content\"":\""跟我爱我家签的就交服务费\""},{\""timestamp\"":\""2026-08-03 11:53:53\"",\""speaker\"":\""tenant\"",\""content\"":\""价格已经是最低价了吗\""},{\""timestamp\"":\""2026-08-03 11:53:57\"",\""speaker\"":\""tenant\"",\""content\"":\""可以谈价吗\""},{\""timestamp\"":\""2026-08-03 11:53:59\"",\""speaker\"":\""agent\"",\""content\"":\""可以谈\""},{\""timestamp\"":\""2026-08-03 11:54:15\"",\""speaker\"":\""agent\"",\""content\"":\""价格可以谈服务费都是7个点\""}]"", ""current_tenant_message"": ""{\""speaker\"":\""tenant\"",\""content\"":\""价格最低多少呢\"",\""timestamp\"":\""2026-08-03 11:58:08\""}""}",,,
"{""message_id"": ""CVOM-2BRR-HO65-4G5N"", ""business_type"": ""STANDARD_RENTAL"", ""listing_context"": ""{}"", ""conversation_history"": ""[{\""timestamp\"":\""2026-08-02 18:38:29\"",\""speaker\"":\""tenant\"",\""content\"":\""[img]\""},{\""timestamp\"":\""2026-08-02 18:38:36\"",\""speaker\"":\""tenant\"",\""content\"":\""这间房空着\""},{\""timestamp\"":\""2026-08-02 18:38:42\"",\""speaker\"":\""agent\"",\""content\"":\""好的\""},{\""timestamp\"":\""2026-08-02 18:38:48\"",\""speaker\"":\""agent\"",\""content\"":\""多少钱\""},{\""timestamp\"":\""2026-08-02 18:39:09\"",\""speaker\"":\""tenant\"",\""content\"":\""2300\""},{\""timestamp\"":\""2026-08-02 18:39:15\"",\""speaker\"":\""agent\"",\""content\"":\""好的\""},{\""timestamp\"":\""2026-08-02 18:40:03\"",\""speaker\"":\""tenant\"",\""content\"":\""必须是女孩哦\""},{\""timestamp\"":\""2026-08-02 18:43:55\"",\""speaker\"":\""agent\"",\""content\"":\""好的\""},{\""timestamp\"":\""2026-08-03 10:02:44\"",\""speaker\"":\""agent\"",\""content\"":\""😃\""},{\""timestamp\"":\""2026-08-03 10:45:26\"",\""speaker\"":\""tenant\"",\""content\"":\""[{\\\""826157344\\\"":\\\""[房源]整租·国和二村·2室1厅 2室1厅1卫 • 66㎡ • 南 5000 元/月(季付价)\\\""}]\""},{\""timestamp\"":\""2026-08-03 10:45:26\"",\""speaker\"":\""tenant\"",\""content\"":\""{\\\""title\\\"":\\\""用户通过租房详情-钻展进入聊天\\\""}\""},{\""timestamp\"":\""2026-08-03 10:45:26\"",\""speaker\"":\""tenant\"",\""content\"":\""您好，可以帮我详细介绍下该房源情况吗？\""},{\""timestamp\"":\""2026-08-03 10:45:40\"",\""speaker\"":\""agent\"",\""content\"":\""你好\""},{\""timestamp\"":\""2026-08-03 10:45:56\"",\""speaker\"":\""tenant\"",\""content\"":\""我是国和二村22号501的房东\""},{\""timestamp\"":\""2026-08-03 10:46:09\"",\""speaker\"":\""tenant\"",\""content\"":\""昨天忘记和您说了，整租也可以哦\""},{\""timestamp\"":\""2026-08-03 10:46:10\"",\""speaker\"":\""agent\"",\""content\"":\""你好房东\""},{\""timestamp\"":\""2026-08-03 10:46:24\"",\""speaker\"":\""agent\"",\""content\"":\""好的😂\""},{\""timestamp\"":\""2026-08-03 10:46:50\"",\""speaker\"":\""agent\"",\""content\"":\""您方便我们去给房子拍个照片吗\""},{\""timestamp\"":\""2026-08-03 10:47:06\"",\""speaker\"":\""agent\"",\""content\"":\""现在没有照片也会影响出租的\""},{\""timestamp\"":\""2026-08-03 10:47:15\"",\""speaker\"":\""tenant\"",\""content\"":\""好像有照片\""}]"", ""current_tenant_message"": ""{\""speaker\"":\""tenant\"",\""content\"":\""我发给你\"",\""timestamp\"":\""2026-08-03 10:47:18\""}""}",,,
"{""message_id"": ""CVOT-HLON-TNA6-I2DD"", ""business_type"": ""STANDARD_RENTAL"", ""listing_context"": ""{}"", ""conversation_history"": ""[{\""timestamp\"":\""2026-08-03 19:25:13\"",\""speaker\"":\""tenant\"",\""content\"":\""[{\\\""90275411\\\"":\\\""[房源]整租·中关村东大院·2室1厅 2室1厅1卫 60.8㎡  南北 7300元/月\\\""}]\""},{\""timestamp\"":\""2026-08-03 19:25:13\"",\""speaker\"":\""tenant\"",\""content\"":\""您好，可以帮我详细介绍下该房源情况吗？\""},{\""timestamp\"":\""2026-08-03 19:25:14\"",\""speaker\"":\""tenant\"",\""content\"":\""{\\\""title\\\"":\\\""用户通过租房详情-钻展进入聊天\\\""}\""},{\""timestamp\"":\""2026-08-03 19:25:19\"",\""speaker\"":\""tenant\"",\""content\"":\""你好\""},{\""timestamp\"":\""2026-08-03 19:25:33\"",\""speaker\"":\""tenant\"",\""content\"":\""这个房子还在吗\""},{\""timestamp\"":\""2026-08-03 19:25:44\"",\""speaker\"":\""tenant\"",\""content\"":\""什么时候装修的\""},{\""timestamp\"":\""2026-08-03 19:25:56\"",\""speaker\"":\""agent\"",\""content\"":\""您好，我是从事房产6年、周边配套设施非常熟悉、曾帮助300余个家庭安家的贴心小管家何寿义，很高兴为您服务！\""},{\""timestamp\"":\""2026-08-03 19:26:15\"",\""speaker\"":\""agent\"",\""content\"":\""您好，房子还在，5年前装的\""},{\""timestamp\"":\""2026-08-03 19:29:54\"",\""speaker\"":\""tenant\"",\""content\"":\""[{\\\""90275411\\\"":\\\""[房源]整租·中关村东大院·2室1厅 2室1厅1卫 60.8㎡  南北 7300元/月\\\""}]\""},{\""timestamp\"":\""2026-08-03 19:29:54\"",\""speaker\"":\""tenant\"",\""content\"":\""您好，可以帮我详细介绍下该房源情况吗？\""},{\""timestamp\"":\""2026-08-03 19:30:05\"",\""speaker\"":\""tenant\"",\""content\"":\""[{\\\""90275411\\\"":\\\""[房源]整租·中关村东大院·2室1厅 2室1厅1卫 60.8㎡  南北 7300元/月\\\""}]\""}]"", ""current_tenant_message"": ""{\""speaker\"":\""tenant\"",\""content\"":\""您好，可以帮我详细介绍下该房源情况吗？\"",\""timestamp\"":\""2026-08-03 19:30:05\""}""}",,,
"{""message_id"": ""CVOU-0HHP-9327-1MEM"", ""business_type"": ""STANDARD_RENTAL"", ""listing_context"": ""{}"", ""conversation_history"": ""[{\""timestamp\"":\""2026-08-03 20:01:49\"",\""speaker\"":\""tenant\"",\""content\"":\""[{\\\""504995466\\\"":\\\""[房源]整租·中央民族大学家属楼·2室1厅 2室1厅1卫 · 54㎡ · 南北 9000元/月(季付价)\\\""}]\""},{\""timestamp\"":\""2026-08-03 20:01:49\"",\""speaker\"":\""tenant\"",\""content\"":\""{\\\""title\\\"":\\\""用户通过租房详情-钻展进入聊天\\\""}\""},{\""timestamp\"":\""2026-08-03 20:01:49\"",\""speaker\"":\""tenant\"",\""content\"":\""您好，可以帮我详细介绍下该房源情况吗？\""},{\""timestamp\"":\""2026-08-03 20:01:59\"",\""speaker\"":\""agent\"",\""content\"":\""您好\""},{\""timestamp\"":\""2026-08-03 20:02:02\"",\""speaker\"":\""agent\"",\""content\"":\""房子还在\""},{\""timestamp\"":\""2026-08-03 20:02:05\"",\""speaker\"":\""agent\"",\""content\"":\""5层，步梯\""},{\""timestamp\"":\""2026-08-03 20:02:07\"",\""speaker\"":\""tenant\"",\""content\"":\""你好这个何时装修的\""},{\""timestamp\"":\""2026-08-03 20:02:12\"",\""speaker\"":\""agent\"",\""content\"":\""1个月了\""},{\""timestamp\"":\""2026-08-03 20:02:16\"",\""speaker\"":\""agent\"",\""content\"":\""可以接受吗？\""},{\""timestamp\"":\""2026-08-03 20:02:27\"",\""speaker\"":\""agent\"",\""content\"":\""如果同意我帮您找房，可将您的联系方式发我，方便联系到您\""}]"", ""current_tenant_message"": ""{\""speaker\"":\""tenant\"",\""content\"":\""这五十多平米\"",\""timestamp\"":\""2026-08-03 20:02:34\""}""}",,,
"{""message_id"": ""CVOO-65FV-7L64-JK6P"", ""business_type"": ""MANAGED_RENTAL"", ""listing_context"": ""{}"", ""conversation_history"": ""[{\""timestamp\"":\""2026-07-22 11:12:39\"",\""speaker\"":\""tenant\"",\""content\"":\""[{\\\""90410384\\\"":\\\""[房源]整租·芍药居北里二区·1室1厅 1室1厅1卫 • 64.33㎡ • 东北 5100 元/月(季付价)\\\""}]\""},{\""timestamp\"":\""2026-07-22 11:12:39\"",\""speaker\"":\""tenant\"",\""content\"":\""{\\\""title\\\"":\\\""用户通过租房详情-钻展进入聊天\\\""}\""},{\""timestamp\"":\""2026-07-22 11:12:39\"",\""speaker\"":\""tenant\"",\""content\"":\""您好，可以帮我详细介绍下该房源情况吗？\""},{\""timestamp\"":\""2026-07-22 11:12:59\"",\""speaker\"":\""agent\"",\""content\"":\""您好\""},{\""timestamp\"":\""2026-07-22 11:13:07\"",\""speaker\"":\""agent\"",\""content\"":\""房子还在\""},{\""timestamp\"":\""2026-07-22 11:13:17\"",\""speaker\"":\""agent\"",\""content\"":\""您是几个人住？什么时候用房？\""},{\""timestamp\"":\""2026-07-22 11:14:26\"",\""speaker\"":\""agent\"",\""content\"":\""方便加您微信吗？\""},{\""timestamp\"":\""2026-07-22 11:14:27\"",\""speaker\"":\""agent\"",\""content\"":\""如果同意我帮您找房，可将您的联系方式发我，方便联系到您\""},{\""timestamp\"":\""2026-07-23 09:27:21\"",\""speaker\"":\""agent\"",\""content\"":\""[{\\\""90361408\\\"":\\\""[房源]芍药居·芍药居北里一区·高楼层·1居室 1室1厅 59.67㎡ 南 5500元/月\\\""}]\""},{\""timestamp\"":\""2026-07-24 12:31:42\"",\""speaker\"":\""agent\"",\""content\"":\""[{\\\""90361408\\\"":\\\""[房源]芍药居·芍药居北里一区·高楼层·1居室 1室1厅 59.67㎡ 南 5500元/月\\\""}]\""},{\""timestamp\"":\""2026-07-25 11:05:09\"",\""speaker\"":\""agent\"",\""content\"":\""[{\\\""90410384\\\"":\\\""[房源]芍药居·芍药居北里二区·中楼层·1居室 1室1厅 64.33㎡ 东北 5100元/月\\\""}]\""},{\""timestamp\"":\""2026-07-26 10:05:18\"",\""speaker\"":\""agent\"",\""content\"":\""[{\\\""504871322\\\"":\\\""[房源]整租·清河·美和园·1室·1厅 1室1厅 82.76㎡ 东西南 6000元/月\\\""}]\""},{\""timestamp\"":\""2026-07-28 10:05:57\"",\""speaker\"":\""agent\"",\""content\"":\""[{\\\""90361408\\\"":\\\""[房源]芍药居·芍药居北里一区·高楼层·1居室 1室1厅 59.67㎡ 南 5500元/月\\\""}]\""},{\""timestamp\"":\""2026-07-29 10:14:03\"",\""speaker\"":\""agent\"",\""content\"":\""[{\\\""90216175\\\"":\\\""[房源]芍药居·芍药居北里二区·中楼层·1居室 1室1厅 58.87㎡ 北 5200元/月\\\""}]\""},{\""timestamp\"":\""2026-08-03 08:03:50\"",\""speaker\"":\""tenant\"",\""content\"":\""[{\\\""90410384\\\"":\\\""[房源]整租·芍药居北里二区·1室1厅 1室1厅1卫 • 64.33㎡ • 东北 5100 元/月(季付价)\\\""}]\""},{\""timestamp\"":\""2026-08-03 08:03:50\"",\""speaker\"":\""tenant\"",\""content\"":\""{\\\""title\\\"":\\\""用户通过租房详情-钻展进入聊天\\\""}\""},{\""timestamp\"":\""2026-08-03 08:03:50\"",\""speaker\"":\""tenant\"",\""content\"":\""您好，可以帮我详细介绍下该房源情况吗？\""},{\""timestamp\"":\""2026-08-03 08:04:40\"",\""speaker\"":\""agent\"",\""content\"":\""您好\""},{\""timestamp\"":\""2026-08-03 08:04:46\"",\""speaker\"":\""agent\"",\""content\"":\""房子还在\""},{\""timestamp\"":\""2026-08-03 08:04:57\"",\""speaker\"":\""agent\"",\""content\"":\""您是几个人住？什么时候用房？\""},{\""timestamp\"":\""2026-08-03 13:14:42\"",\""speaker\"":\""tenant\"",\""content\"":\""[{\\\""90410384\\\"":\\\""[房源]整租·芍药居北里二区·1室1厅 1室1厅1卫 • 64.33㎡ • 东北 5100 元/月(季付价)\\\""}]\""},{\""timestamp\"":\""2026-08-03 13:14:42\"",\""speaker\"":\""tenant\"",\""content\"":\""您好，可以帮我详细介绍下该房源情况吗？\""},{\""timestamp\"":\""2026-08-03 13:14:59\"",\""speaker\"":\""agent\"",\""content\"":\""您好\""},{\""timestamp\"":\""2026-08-03 13:15:12\"",\""speaker\"":\""agent\"",\""content\"":\""房子还在\""},{\""timestamp\"":\""2026-08-03 13:15:23\"",\""speaker\"":\""agent\"",\""content\"":\""您是几个人住？什么时候用房？\""}]"", ""current_tenant_message"": ""{\""speaker\"":\""tenant\"",\""content\"":\""想要低楼层的，离209号楼近一点的\"",\""timestamp\"":\""2026-08-03 13:15:25\""}""}",,,
"{""message_id"": ""CVOU-00CF-T5S4-013L"", ""business_type"": ""MANAGED_RENTAL"", ""listing_context"": ""{}"", ""conversation_history"": ""[{\""timestamp\"":\""2026-08-03 19:59:50\"",\""speaker\"":\""tenant\"",\""content\"":\""[{\\\""90246014\\\"":\\\""[房源]合租·桃园公寓·3室·房间C 3室1厅2卫 · 6㎡ · 北 800元/月(季付价)\\\""}]\""},{\""timestamp\"":\""2026-08-03 19:59:50\"",\""speaker\"":\""tenant\"",\""content\"":\""{\\\""title\\\"":\\\""用户通过租房详情-信息咨询进入聊天\\\""}\""},{\""timestamp\"":\""2026-08-03 19:59:59\"",\""speaker\"":\""tenant\"",\""content\"":\""这是合租的吗\""},{\""timestamp\"":\""2026-08-03 20:00:01\"",\""speaker\"":\""agent\"",\""content\"":\""您好\""},{\""timestamp\"":\""2026-08-03 20:00:03\"",\""speaker\"":\""agent\"",\""content\"":\""是的\""},{\""timestamp\"":\""2026-08-03 20:00:10\"",\""speaker\"":\""agent\"",\""content\"":\""三家合住\""},{\""timestamp\"":\""2026-08-03 20:00:16\"",\""speaker\"":\""tenant\"",\""content\"":\""是在昌平区吗\""},{\""timestamp\"":\""2026-08-03 20:00:23\"",\""speaker\"":\""agent\"",\""content\"":\""是的\""},{\""timestamp\"":\""2026-08-03 20:00:51\"",\""speaker\"":\""tenant\"",\""content\"":\""另外两件是社会人员租住的吗\""},{\""timestamp\"":\""2026-08-03 20:00:56\"",\""speaker\"":\""tenant\"",\""content\"":\""两间\""},{\""timestamp\"":\""2026-08-03 20:01:07\"",\""speaker\"":\""agent\"",\""content\"":\""是的\""}]"", ""current_tenant_message"": ""{\""speaker\"":\""tenant\"",\""content\"":\""有没有适合学生居住的\"",\""timestamp\"":\""2026-08-03 20:01:24\""}""}",,,
"{""message_id"": ""CVON-L5GH-R506-7S1R"", ""business_type"": ""STANDARD_RENTAL"", ""listing_context"": ""{}"", ""conversation_history"": ""[{\""timestamp\"":\""2026-08-03 12:35:53\"",\""speaker\"":\""tenant\"",\""content\"":\""您好，我想了解下本房源的租金费用情况。\""},{\""timestamp\"":\""2026-08-03 12:35:54\"",\""speaker\"":\""tenant\"",\""content\"":\""[{\\\""504893589\\\"":\\\""[房源]整租·将府家园·2室1厅 2室1厅1卫 · 108.7㎡ · 南北 7500元/月(季付价)\\\""}]\""},{\""timestamp\"":\""2026-08-03 12:35:54\"",\""speaker\"":\""tenant\"",\""content\"":\""{\\\""title\\\"":\\\""用户通过租房详情-信息咨询进入聊天\\\""}\""},{\""timestamp\"":\""2026-08-03 12:36:07\"",\""speaker\"":\""agent\"",\""content\"":\""您好！我爱我将府家园店郭士超很高兴为您服务！我从业8年、精耕酒仙桥商圈；熟悉朝阳区租房、委托、新房业务，擅长为客户解答房产知识、提供指导、帮客户匹配优质房源信息；为您服务过程中，我承诺：信息咨询如实说、服务体验提前做、权益保障主动赔，本人手机号:13000000000；期待帮助您早日找到理想的家！\""},{\""timestamp\"":\""2026-08-03 12:36:10\"",\""speaker\"":\""agent\"",\""content\"":\""如果同意我帮您找房，可将您的联系方式发我，方便联系到您\""},{\""timestamp\"":\""2026-08-03 12:36:30\"",\""speaker\"":\""agent\"",\""content\"":\""您好，房子还在，最近有时间看房吗？\""},{\""timestamp\"":\""2026-08-03 12:36:43\"",\""speaker\"":\""tenant\"",\""content\"":\""可小刀吗\""},{\""timestamp\"":\""2026-08-03 12:37:16\"",\""speaker\"":\""agent\"",\""content\"":\""看好可以和业主谈价格\""},{\""timestamp\"":\""2026-08-03 12:37:37\"",\""speaker\"":\""tenant\"",\""content\"":\""噢，只能一年一签？\""},{\""timestamp\"":\""2026-08-03 12:37:54\"",\""speaker\"":\""agent\"",\""content\"":\""业主可以长租\""},{\""timestamp\"":\""2026-08-03 12:38:08\"",\""speaker\"":\""tenant\"",\""content\"":\""服务费怎么算？\""}]"", ""current_tenant_message"": ""{\""speaker\"":\""tenant\"",\""content\"":\""中介费\"",\""timestamp\"":\""2026-08-03 12:38:17\""}""}",,,
"{""message_id"": ""CVOS-6BI3-S0E7-VUVM"", ""business_type"": ""STANDARD_RENTAL"", ""listing_context"": ""{}"", ""conversation_history"": ""[{\""timestamp\"":\""2026-08-03 17:54:45\"",\""speaker\"":\""tenant\"",\""content\"":\""您好，可以帮我详细介绍下该房源情况吗？\""},{\""timestamp\"":\""2026-08-03 17:54:46\"",\""speaker\"":\""tenant\"",\""content\"":\""[{\\\""826128191\\\"":\\\""[房源]整租·源竹小区·1室1厅 1室1厅1卫 • 39.88㎡ • 南 5000 元/月(季付价)\\\""}]\""},{\""timestamp\"":\""2026-08-03 17:54:46\"",\""speaker\"":\""tenant\"",\""content\"":\""{\\\""title\\\"":\\\""用户通过租房详情-钻展进入聊天\\\""}\""},{\""timestamp\"":\""2026-08-03 17:54:54\"",\""speaker\"":\""agent\"",\""content\"":\""您好\""},{\""timestamp\"":\""2026-08-03 17:55:04\"",\""speaker\"":\""agent\"",\""content\"":\""这个房子在的\""},{\""timestamp\"":\""2026-08-03 17:55:07\"",\""speaker\"":\""agent\"",\""content\"":\""要提前预约\""},{\""timestamp\"":\""2026-08-03 17:55:07\"",\""speaker\"":\""tenant\"",\""content\"":\""这是房主租吗\""},{\""timestamp\"":\""2026-08-03 17:55:13\"",\""speaker\"":\""agent\"",\""content\"":\""对的大房东\""},{\""timestamp\"":\""2026-08-03 17:55:17\"",\""speaker\"":\""agent\"",\""content\"":\""里面租客还没到期\""},{\""timestamp\"":\""2026-08-03 17:55:24\"",\""speaker\"":\""agent\"",\""content\"":\""所以没有照片\""}]"", ""current_tenant_message"": ""{\""speaker\"":\""tenant\"",\""content\"":\""不是委托租房，收服务费？\"",\""timestamp\"":\""2026-08-03 17:55:27\""}""}",,,
"{""message_id"": ""CVOP-GHO8-U0I6-O6MN"", ""business_type"": ""STANDARD_RENTAL"", ""listing_context"": ""{}"", ""conversation_history"": ""[{\""timestamp\"":\""2026-08-03 14:44:41\"",\""speaker\"":\""tenant\"",\""content\"":\""[{\\\""46418611\\\"":\\\""[房源]整租·和平南路新庄北小区·2室0厅 2室1卫 45㎡  南 1200元/月\\\""}]\""},{\""timestamp\"":\""2026-08-03 14:44:41\"",\""speaker\"":\""tenant\"",\""content\"":\""{\\\""title\\\"":\\\""用户通过租房详情-钻展进入聊天\\\""}\""},{\""timestamp\"":\""2026-08-03 14:44:41\"",\""speaker\"":\""tenant\"",\""content\"":\""您好，可以帮我详细介绍下该房源情况吗？\""},{\""timestamp\"":\""2026-08-03 14:44:49\"",\""speaker\"":\""tenant\"",\""content\"":\""你好，这是整租还是合租？\""},{\""timestamp\"":\""2026-08-03 14:44:51\"",\""speaker\"":\""agent\"",\""content\"":\""你好\""},{\""timestamp\"":\""2026-08-03 14:45:17\"",\""speaker\"":\""agent\"",\""content\"":\""整租\""},{\""timestamp\"":\""2026-08-03 14:45:40\"",\""speaker\"":\""agent\"",\""content\"":\""wxid_not_exist_000\""},{\""timestamp\"":\""2026-08-03 14:45:47\"",\""speaker\"":\""agent\"",\""content\"":\""加我\""},{\""timestamp\"":\""2026-08-03 14:48:00\"",\""speaker\"":\""tenant\"",\""content\"":\""[{\\\""46418611\\\"":\\\""[房源]整租·和平南路新庄北小区·2室0厅 2室1卫 45㎡  南 1200元/月\\\""}]\""}]"", ""current_tenant_message"": ""{\""speaker\"":\""tenant\"",\""content\"":\""您好，可以帮我详细介绍下该房源情况吗？\"",\""timestamp\"":\""2026-08-03 14:48:00\""}""}",,,
"{""message_id"": ""CVOK-NF3I-FC85-1393"", ""business_type"": ""STANDARD_RENTAL"", ""listing_context"": ""{}"", ""conversation_history"": ""[{\""timestamp\"":\""2026-07-31 17:33:49\"",\""speaker\"":\""tenant\"",\""content\"":\""和义二🈶吗，\""},{\""timestamp\"":\""2026-07-31 17:34:03\"",\""speaker\"":\""agent\"",\""content\"":\""有的\""},{\""timestamp\"":\""2026-07-31 17:34:12\"",\""speaker\"":\""tenant\"",\""content\"":\""南苑🈶点远\""},{\""timestamp\"":\""2026-07-31 17:34:23\"",\""speaker\"":\""agent\"",\""content\"":\""[{\\\""504977926\\\"":\\\""[房源]整租·和义·和义东里二区·1室·1厅 1室1厅1卫 南 3200元\\\""}]\""},{\""timestamp\"":\""2026-07-31 17:34:37\"",\""speaker\"":\""agent\"",\""content\"":\""4楼\""},{\""timestamp\"":\""2026-07-31 17:35:18\"",\""speaker\"":\""agent\"",\""content\"":\""[{\\\""504980414\\\"":\\\""[房源]整租·和义·和义东里六区·1室·1厅 1室1厅1卫 南北 3200元\\\""}]\""},{\""timestamp\"":\""2026-07-31 17:35:24\"",\""speaker\"":\""agent\"",\""content\"":\""2楼\""},{\""timestamp\"":\""2026-07-31 17:35:29\"",\""speaker\"":\""agent\"",\""content\"":\""可以对比看看\""},{\""timestamp\"":\""2026-07-31 18:58:55\"",\""speaker\"":\""tenant\"",\""content\"":\""[{\\\""505003387\\\"":\\\""[房源]整租·南苑北里一区·1室1厅 1室1厅1卫 54.22㎡  南北 3000元/月\\\""}]\""},{\""timestamp\"":\""2026-07-31 18:58:55\"",\""speaker\"":\""tenant\"",\""content\"":\""您好，可以帮我详细介绍下该房源情况吗？\""},{\""timestamp\"":\""2026-07-31 18:59:02\"",\""speaker\"":\""agent\"",\""content\"":\""感谢您的咨询，祝您生活愉快.张秀雨13000000000电话也是微信\""},{\""timestamp\"":\""2026-08-01 09:00:37\"",\""speaker\"":\""agent\"",\""content\"":\""[{\\\""90411859\\\"":\\\""[房源]和义·和义东里四区·高楼层·1居室 1室1厅·42.07㎡·南·和义东里四区 3000元/月\\\""}]\""},{\""timestamp\"":\""2026-08-01 09:00:39\"",\""speaker\"":\""agent\"",\""content\"":\""[{\\\""90287762\\\"":\\\""[房源]和义·三角地·高楼层·1居室 1室1厅·52.40㎡·南北·三角地 3100元/月\\\""}]\""},{\""timestamp\"":\""2026-08-01 09:00:40\"",\""speaker\"":\""agent\"",\""content\"":\""[{\\\""504721049\\\"":\\\""[房源]整租·和义·和义东里一区·1室·1厅 1室1厅·51.13㎡·南·和义东里一区 3300元/月\\\""}]\""},{\""timestamp\"":\""2026-08-01 09:00:41\"",\""speaker\"":\""agent\"",\""content\"":\""如果同意我帮您找房，可将您的联系方式发我，方便联系到您\""},{\""timestamp\"":\""2026-08-01 09:00:45\"",\""speaker\"":\""agent\"",\""content\"":\""今天有时间过来看房吗？我再给您找几个差不多一起看看\""},{\""timestamp\"":\""2026-08-02 09:29:21\"",\""speaker\"":\""agent\"",\""content\"":\""[{\\\""90287762\\\"":\\\""[房源]和义·三角地·高楼层·1居室 1室1厅·52.40㎡·南北·三角地 3100元/月\\\""}]\""},{\""timestamp\"":\""2026-08-02 09:29:24\"",\""speaker\"":\""agent\"",\""content\"":\""[{\\\""504923602\\\"":\\\""[房源]整租·和义·和义东里四区·1室·1厅 1室1厅·37.80㎡·南·和义东里四区 3300元/月\\\""}]\""},{\""timestamp\"":\""2026-08-02 09:29:25\"",\""speaker\"":\""agent\"",\""content\"":\""如果同意我帮您找房，可将您的联系方式发我，方便联系到您\""},{\""timestamp\"":\""2026-08-02 09:29:29\"",\""speaker\"":\""agent\"",\""content\"":\""今天有时间过来看房吗？我再给您找几个差不多一起看看\""},{\""timestamp\"":\""2026-08-03 09:10:14\"",\""speaker\"":\""agent\"",\""content\"":\""[{\\\""504977926\\\"":\\\""[房源]整租·和义·和义东里二区·1室·1厅 1室1厅·47.00㎡·南·和义东里二区 3200元/月\\\""}]\""},{\""timestamp\"":\""2026-08-03 09:10:15\"",\""speaker\"":\""agent\"",\""content\"":\""[{\\\""504994651\\\"":\\\""[房源]整租·和义·和义东里二区·1室·1厅 1室1厅·43.24㎡·东北·和义东里二区 3200元/月\\\""}]\""},{\""timestamp\"":\""2026-08-03 09:10:16\"",\""speaker\"":\""agent\"",\""content\"":\""[{\\\""90411859\\\"":\\\""[房源]和义·和义东里四区·高楼层·1居室 1室1厅·42.07㎡·南·和义东里四区 3000元/月\\\""}]\""},{\""timestamp\"":\""2026-08-03 09:10:18\"",\""speaker\"":\""agent\"",\""content\"":\""如果同意我帮您找房，可将您的联系方式发我，方便联系到您\""},{\""timestamp\"":\""2026-08-03 09:10:22\"",\""speaker\"":\""agent\"",\""content\"":\""感谢您的咨询，祝您生活愉快.张秀雨13000000000电话也是微信\""},{\""timestamp\"":\""2026-08-03 09:12:17\"",\""speaker\"":\""tenant\"",\""content\"":\""[{\\\""504977926\\\"":\\\""[房源]整租·和义东里二区·1室1厅 1室1厅1卫 • 47㎡ • 南 3200 元/月(季付价)\\\""}]\""},{\""timestamp\"":\""2026-08-03 09:12:17\"",\""speaker\"":\""tenant\"",\""content\"":\""{\\\""title\\\"":\\\""用户通过租房详情-钻展进入聊天\\\""}\""},{\""timestamp\"":\""2026-08-03 09:12:17\"",\""speaker\"":\""tenant\"",\""content\"":\""您好，可以帮我详细介绍下该房源情况吗？\""},{\""timestamp\"":\""2026-08-03 09:12:21\"",\""speaker\"":\""agent\"",\""content\"":\""您主要想了解哪方面的信息，方便的话加下微信，我给您详细介绍一下？\""},{\""timestamp\"":\""2026-08-03 09:12:34\"",\""speaker\"":\""agent\"",\""content\"":\""4楼\""},{\""timestamp\"":\""2026-08-03 09:12:38\"",\""speaker\"":\""agent\"",\""content\"":\""拎包入住\""},{\""timestamp\"":\""2026-08-03 09:12:39\"",\""speaker\"":\""agent\"",\""content\"":\""如果同意我帮您找房，可将您的联系方式发我，方便联系到您\""},{\""timestamp\"":\""2026-08-03 09:12:41\"",\""speaker\"":\""agent\"",\""content\"":\""感谢您的咨询，祝您生活愉快.张秀雨13000000000电话也是微信\""},{\""timestamp\"":\""2026-08-03 09:12:45\"",\""speaker\"":\""tenant\"",\""content\"":\""和谁签\""},{\""timestamp\"":\""2026-08-03 09:12:50\"",\""speaker\"":\""agent\"",\""content\"":\""业主\""}]"", ""current_tenant_message"": ""{\""speaker\"":\""tenant\"",\""content\"":\""2700\"",\""timestamp\"":\""2026-08-03 09:13:35\""}""}",,,
"{""message_id"": ""CVP0-FTNC-IIU4-GK3C"", ""business_type"": ""STANDARD_RENTAL"", ""listing_context"": ""{}"", ""conversation_history"": ""[{\""timestamp\"":\""2026-08-03 22:51:03\"",\""speaker\"":\""tenant\"",\""content\"":\""您好，我最近正在看您所负责区域的房子，有推荐的小区吗？\""},{\""timestamp\"":\""2026-08-03 22:51:04\"",\""speaker\"":\""tenant\"",\""content\"":\""{\\\""title\\\"":\\\""用户通过经纪人主页进入聊天\\\""}\""},{\""timestamp\"":\""2026-08-03 22:51:05\"",\""speaker\"":\""tenant\"",\""content\"":\""我举报黄善朋开私单\""},{\""timestamp\"":\""2026-08-03 22:51:10\"",\""speaker\"":\""tenant\"",\""content\"":\""您好，我最近正在看您所负责区域的房子，有推荐的小区吗？\""},{\""timestamp\"":\""2026-08-03 22:51:12\"",\""speaker\"":\""agent\"",\""content\"":\""？\""},{\""timestamp\"":\""2026-08-03 22:51:19\"",\""speaker\"":\""agent\"",\""content\"":\""你好\""},{\""timestamp\"":\""2026-08-03 22:51:25\"",\""speaker\"":\""agent\"",\""content\"":\""是什么问题\""},{\""timestamp\"":\""2026-08-03 22:52:26\"",\""speaker\"":\""agent\"",\""content\"":\""有什么证据吗😊\""},{\""timestamp\"":\""2026-08-03 22:55:15\"",\""speaker\"":\""tenant\"",\""content\"":\""你把你店长电话号码推我\""},{\""timestamp\"":\""2026-08-03 22:55:21\"",\""speaker\"":\""tenant\"",\""content\"":\""我去沟通\""},{\""timestamp\"":\""2026-08-03 22:55:32\"",\""speaker\"":\""agent\"",\""content\"":\""额\""},{\""timestamp\"":\""2026-08-03 22:55:54\"",\""speaker\"":\""agent\"",\""content\"":\""是哪个小区成交的哇\""}]"", ""current_tenant_message"": ""{\""speaker\"":\""tenant\"",\""content\"":\""很多\"",\""timestamp\"":\""2026-08-03 22:55:58\""}""}",,,
"{""message_id"": ""CVOR-HS1E-6NM4-TJ4M"", ""business_type"": ""MANAGED_RENTAL"", ""listing_context"": ""{}"", ""conversation_history"": ""[]"", ""current_tenant_message"": ""{\""speaker\"":\""tenant\"",\""content\"":\""您好，可以帮我详细介绍下该房源情况吗？\"",\""timestamp\"":\""2026-08-03 17:10:42\""}""}",,,
"{""message_id"": ""CVON-KAJP-PC07-37DH"", ""business_type"": ""STANDARD_RENTAL"", ""listing_context"": ""{}"", ""conversation_history"": ""[{\""timestamp\"":\""2026-08-03 12:32:29\"",\""speaker\"":\""tenant\"",\""content\"":\""[{\\\""819953580\\\"":\\\""[房源]整租·金碧园·2室2厅 2室2厅1卫 • 115.41㎡ • 南北 3900 元/月(季付价)\\\""}]\""},{\""timestamp\"":\""2026-08-03 12:32:29\"",\""speaker\"":\""tenant\"",\""content\"":\""{\\\""title\\\"":\\\""用户通过租房详情-钻展进入聊天\\\""}\""},{\""timestamp\"":\""2026-08-03 12:32:29\"",\""speaker\"":\""tenant\"",\""content\"":\""您好，可以帮我详细介绍下该房源情况吗？\""},{\""timestamp\"":\""2026-08-03 12:32:39\"",\""speaker\"":\""tenant\"",\""content\"":\""这个房子还在吗？\""},{\""timestamp\"":\""2026-08-03 12:32:49\"",\""speaker\"":\""tenant\"",\""content\"":\""是几层的，临街吗\""},{\""timestamp\"":\""2026-08-03 12:33:00\"",\""speaker\"":\""agent\"",\""content\"":\""这套房子在5层，总楼层7层，请问您对楼层有具体要求吗？\""},{\""timestamp\"":\""2026-08-03 12:34:40\"",\""speaker\"":\""tenant\"",\""content\"":\""临街吗\""},{\""timestamp\"":\""2026-08-03 12:34:56\"",\""speaker\"":\""agent\"",\""content\"":\""在30\""},{\""timestamp\"":\""2026-08-03 12:35:03\"",\""speaker\"":\""agent\"",\""content\"":\""门\""},{\""timestamp\"":\""2026-08-03 12:35:40\"",\""speaker\"":\""agent\"",\""content\"":\""不临街，不把边\""},{\""timestamp\"":\""2026-08-03 12:36:19\"",\""speaker\"":\""tenant\"",\""content\"":\""[{\\\""819953580\\\"":\\\""[房源]整租·金碧园·2室2厅 2室2厅1卫 • 115.41㎡ • 南北 3900 元/月(季付价)\\\""}]\""},{\""timestamp\"":\""2026-08-03 12:36:19\"",\""speaker\"":\""tenant\"",\""content\"":\""您好，可以帮我详细介绍下该房源情况吗？\""}]"", ""current_tenant_message"": ""{\""speaker\"":\""tenant\"",\""content\"":\""这个什么时候能看\"",\""timestamp\"":\""2026-08-03 12:36:27\""}""}",,,
"{""message_id"": ""CVOR-KMUP-0U45-630J"", ""business_type"": ""MANAGED_RENTAL"", ""listing_context"": ""{}"", ""conversation_history"": ""[{\""timestamp\"":\""2026-08-03 17:14:33\"",\""speaker\"":\""tenant\"",\""content\"":\""[{\\\""912854413\\\"":\\\""[房源]整租·杨乐府·1室1厅 1室1厅1卫 • 65.63㎡ • 南 4400 元/月(季付价)\\\""}]\""},{\""timestamp\"":\""2026-08-03 17:14:33\"",\""speaker\"":\""tenant\"",\""content\"":\""{\\\""title\\\"":\\\""用户通过租房详情-钻展进入聊天\\\""}\""},{\""timestamp\"":\""2026-08-03 17:14:33\"",\""speaker\"":\""tenant\"",\""content\"":\""您好，可以帮我详细介绍下该房源情况吗？\""},{\""timestamp\"":\""2026-08-03 17:14:44\"",\""speaker\"":\""agent\"",\""content\"":\""你好\""},{\""timestamp\"":\""2026-08-03 17:14:45\"",\""speaker\"":\""agent\"",\""content\"":\""在的\""},{\""timestamp\"":\""2026-08-03 17:14:47\"",\""speaker\"":\""agent\"",\""content\"":\""电话多少我联系你\""},{\""timestamp\"":\""2026-08-03 17:15:50\"",\""speaker\"":\""tenant\"",\""content\"":\""[{\\\""912854413\\\"":\\\""[房源]整租·杨乐府·1室1厅 1室1厅1卫 • 65.63㎡ • 南 4400 元/月(季付价)\\\""}]\""},{\""timestamp\"":\""2026-08-03 17:15:50\"",\""speaker\"":\""tenant\"",\""content\"":\""您好，可以帮我详细介绍下该房源情况吗？\""}]"", ""current_tenant_message"": ""{\""speaker\"":\""tenant\"",\""content\"":\""就简单了解下我现在也是住在杨乐府的，两室一厅整租的是3700/月，刚刚发的这套房子实际价格是多少\"",\""timestamp\"":\""2026-08-03 17:16:55\""}""}",,,
"{""message_id"": ""CVOT-F87K-AUM7-K27R"", ""business_type"": ""MANAGED_RENTAL"", ""listing_context"": ""{}"", ""conversation_history"": ""[{\""timestamp\"":\""2026-08-03 19:24:35\"",\""speaker\"":\""tenant\"",\""content\"":\""[{\\\""1000570921\\\"":\\\""[房源]合租·金第润苑 4室1厅1卫·16㎡·南 2250元/月\\\""}]\""}]"", ""current_tenant_message"": ""{\""speaker\"":\""tenant\"",\""content\"":\""这个房子\"",\""timestamp\"":\""2026-08-03 19:24:47\""}""}",,,
"{""message_id"": ""CVOT-TIL5-E7I7-KIUL"", ""business_type"": ""MANAGED_RENTAL"", ""listing_context"": ""{}"", ""conversation_history"": ""[{\""timestamp\"":\""2026-08-03 19:48:59\"",\""speaker\"":\""tenant\"",\""content\"":\""[{\\\""90288521\\\"":\\\""[房源]合租·韩庄子二里·3室·房间A 3室1厅1卫 • 19㎡ • 南 2017 元/月(季付价)\\\""}]\""},{\""timestamp\"":\""2026-08-03 19:48:59\"",\""speaker\"":\""tenant\"",\""content\"":\""您好，可以帮我详细介绍下该房源情况吗？\""},{\""timestamp\"":\""2026-08-03 19:49:00\"",\""speaker\"":\""tenant\"",\""content\"":\""{\\\""title\\\"":\\\""用户通过租房详情-钻展进入聊天\\\""}\""},{\""timestamp\"":\""2026-08-03 19:49:06\"",\""speaker\"":\""agent\"",\""content\"":\""您好\""},{\""timestamp\"":\""2026-08-03 19:49:14\"",\""speaker\"":\""agent\"",\""content\"":\""想了解这个房子吗\""},{\""timestamp\"":\""2026-08-03 19:50:51\"",\""speaker\"":\""tenant\"",\""content\"":\""[{\\\""90288522\\\"":\\\""[房源]合租·韩庄子二里·3室·房间B 3室1厅1卫 • 16㎡ • 南 1931 元/月(季付价)\\\""}]\""},{\""timestamp\"":\""2026-08-03 19:50:51\"",\""speaker\"":\""tenant\"",\""content\"":\""您好，可以帮我详细介绍下该房源情况吗？\""},{\""timestamp\"":\""2026-08-03 19:51:11\"",\""speaker\"":\""tenant\"",\""content\"":\""这个\""},{\""timestamp\"":\""2026-08-03 19:51:20\"",\""speaker\"":\""agent\"",\""content\"":\""现在是空房\""},{\""timestamp\"":\""2026-08-03 19:51:27\"",\""speaker\"":\""agent\"",\""content\"":\""随时看房入住\""},{\""timestamp\"":\""2026-08-03 19:51:38\"",\""speaker\"":\""agent\"",\""content\"":\""这两个房子是一起的\""},{\""timestamp\"":\""2026-08-03 19:52:01\"",\""speaker\"":\""tenant\"",\""content\"":\""几楼\""},{\""timestamp\"":\""2026-08-03 19:52:06\"",\""speaker\"":\""agent\"",\""content\"":\""四层的\""},{\""timestamp\"":\""2026-08-03 19:52:29\"",\""speaker\"":\""agent\"",\""content\"":\""楼层可以接受吗\""},{\""timestamp\"":\""2026-08-03 19:53:58\"",\""speaker\"":\""agent\"",\""content\"":\""您什么时候用房\""}]"", ""current_tenant_message"": ""{\""speaker\"":\""tenant\"",\""content\"":\""我月底之前使用\"",\""timestamp\"":\""2026-08-03 19:56:05\""}""}",,,
"{""message_id"": ""CVOD-2V40-P6U7-TO8U"", ""business_type"": ""MANAGED_RENTAL"", ""listing_context"": ""{}"", ""conversation_history"": ""[{\""timestamp\"":\""2026-08-03 00:18:43\"",\""speaker\"":\""tenant\"",\""content\"":\""[{\\\""1000594695\\\"":\\\""[房源]合租·人定湖西里 3室1厅1卫·11㎡·南 2500元/月\\\""}]\""},{\""timestamp\"":\""2026-08-03 00:19:01\"",\""speaker\"":\""tenant\"",\""content\"":\""请联系13000000000微信明天看房\""},{\""timestamp\"":\""2026-08-03 00:19:09\"",\""speaker\"":\""agent\"",\""content\"":\""好的\""},{\""timestamp\"":\""2026-08-03 00:19:15\"",\""speaker\"":\""agent\"",\""content\"":\""什么时候\""}]"", ""current_tenant_message"": ""{\""speaker\"":\""tenant\"",\""content\"":\""不下雨就一早吧\"",\""timestamp\"":\""2026-08-03 00:19:28\""}""}",,,
"{""message_id"": ""CVOK-C9D2-UMC7-ET4G"", ""business_type"": ""STANDARD_RENTAL"", ""listing_context"": ""{}"", ""conversation_history"": ""[{\""timestamp\"":\""2026-08-03 08:48:44\"",\""speaker\"":\""tenant\"",\""content\"":\""[{\\\""819915673\\\"":\\\""[房源]整租·靖泰里·1室0厅 1室0卫 · 13.06㎡ · 南 600元/月(季付价)\\\""}]\""},{\""timestamp\"":\""2026-08-03 08:48:44\"",\""speaker\"":\""tenant\"",\""content\"":\""您好，可以帮我详细介绍下该房源情况吗？\""},{\""timestamp\"":\""2026-08-03 08:48:45\"",\""speaker\"":\""tenant\"",\""content\"":\""{\\\""title\\\"":\\\""用户通过租房详情-钻展进入聊天\\\""}\""},{\""timestamp\"":\""2026-08-03 08:48:45\"",\""speaker\"":\""tenant\"",\""content\"":\""{\\\""title\\\"":\\\""用户通过租房详情-钻展进入聊天\\\""}\""},{\""timestamp\"":\""2026-08-03 08:48:58\"",\""speaker\"":\""tenant\"",\""content\"":\""您好，这个是拆间吗\""}]"", ""current_tenant_message"": ""{\""speaker\"":\""tenant\"",\""content\"":\""还是整租600？\"",\""timestamp\"":\""2026-08-03 08:49:10\""}""}",,,
"{""message_id"": ""CVP1-6D6U-8085-432O"", ""business_type"": ""MANAGED_RENTAL"", ""listing_context"": ""{}"", ""conversation_history"": ""[{\""timestamp\"":\""2026-08-03 23:43:16\"",\""speaker\"":\""tenant\"",\""content\"":\""[{\\\""1000707869\\\"":\\\""[房源]整租·南苑北里三区 1室1厅1卫·47.11㎡·南 3150元/月\\\""}]\""},{\""timestamp\"":\""2026-08-03 23:43:31\"",\""speaker\"":\""agent\"",\""content\"":\""您好\""},{\""timestamp\"":\""2026-08-03 23:43:36\"",\""speaker\"":\""agent\"",\""content\"":\""这间房还在\""},{\""timestamp\"":\""2026-08-03 23:43:43\"",\""speaker\"":\""agent\"",\""content\"":\""有钥匙，随时可以看房入住\""},{\""timestamp\"":\""2026-08-03 23:43:44\"",\""speaker\"":\""agent\"",\""content\"":\""如果同意我帮您找房，可将您的联系方式发我，方便联系到您\""},{\""timestamp\"":\""2026-08-03 23:44:20\"",\""speaker\"":\""tenant\"",\""content\"":\""[{\\\""32799974\\\"":\\\""[房源]整租·南苑北里一区 1室1厅1卫·52.94㎡·南北 2700元/月\\\""}]\""},{\""timestamp\"":\""2026-08-03 23:44:25\"",\""speaker\"":\""agent\"",\""content\"":\""您好\""},{\""timestamp\"":\""2026-08-03 23:44:32\"",\""speaker\"":\""tenant\"",\""content\"":\""这个房子还在不\""},{\""timestamp\"":\""2026-08-03 23:44:41\"",\""speaker\"":\""agent\"",\""content\"":\""这个里面还有租户\""},{\""timestamp\"":\""2026-08-03 23:44:47\"",\""speaker\"":\""agent\"",\""content\"":\""9月7号才东契奇\""},{\""timestamp\"":\""2026-08-03 23:44:51\"",\""speaker\"":\""agent\"",\""content\"":\""才到期\""},{\""timestamp\"":\""2026-08-03 23:44:56\"",\""speaker\"":\""tenant\"",\""content\"":\""好的那不行\""}]"", ""current_tenant_message"": ""{\""speaker\"":\""tenant\"",\""content\"":\""我26号就到期了\"",\""timestamp\"":\""2026-08-03 23:45:05\""}""}",,,
"{""message_id"": ""CVOT-43AI-JMS7-AM6T"", ""business_type"": ""STANDARD_RENTAL"", ""listing_context"": ""{}"", ""conversation_history"": ""[{\""timestamp\"":\""2026-08-03 18:59:32\"",\""speaker\"":\""tenant\"",\""content\"":\""[{\\\""505011874\\\"":\\\""[房源]整租·高楼金第·1室0厅 1室1卫 · 39.1㎡ · 南 2600元/月(季付价)\\\""}]\""},{\""timestamp\"":\""2026-08-03 18:59:32\"",\""speaker\"":\""tenant\"",\""content\"":\""{\\\""title\\\"":\\\""用户通过租房详情-钻展进入聊天\\\""}\""},{\""timestamp\"":\""2026-08-03 18:59:32\"",\""speaker\"":\""tenant\"",\""content\"":\""您好，可以帮我详细介绍下该房源情况吗？\""},{\""timestamp\"":\""2026-08-03 18:59:42\"",\""speaker\"":\""agent\"",\""content\"":\""您好！我爱我家加州店孙艳君很高兴为您服务！我从业10年专业诚信、精耕土桥商圈；熟悉商圈擅长，为您服务过程中，我承诺：信息咨询如实说、服务体验提前做、权益保障主动赔，本人手机号:13000000000期待帮助您早日找到理想的家！\""},{\""timestamp\"":\""2026-08-03 18:59:44\"",\""speaker\"":\""agent\"",\""content\"":\""您好\""},{\""timestamp\"":\""2026-08-03 18:59:45\"",\""speaker\"":\""agent\"",\""content\"":\""如果同意我帮您找房，可将您的联系方式发我，方便联系到您\""},{\""timestamp\"":\""2026-08-03 18:59:50\"",\""speaker\"":\""agent\"",\""content\"":\""房子有钥匙，可以随时看房。\""},{\""timestamp\"":\""2026-08-03 18:59:53\"",\""speaker\"":\""tenant\"",\""content\"":\""[{\\\""505011874\\\"":\\\""[房源]整租·高楼金第·1室0厅 1室1卫 · 39.1㎡ · 南 2600元/月(季付价)\\\""}]\""},{\""timestamp\"":\""2026-08-03 18:59:53\"",\""speaker\"":\""tenant\"",\""content\"":\""您好，可以帮我详细介绍下该房源情况吗？\""},{\""timestamp\"":\""2026-08-03 19:00:00\"",\""speaker\"":\""tenant\"",\""content\"":\""几层\""},{\""timestamp\"":\""2026-08-03 19:00:02\"",\""speaker\"":\""agent\"",\""content\"":\""您好\""},{\""timestamp\"":\""2026-08-03 19:00:07\"",\""speaker\"":\""agent\"",\""content\"":\""房子是一层的。\""},{\""timestamp\"":\""2026-08-03 19:00:13\"",\""speaker\"":\""agent\"",\""content\"":\""但是一层不是最低一层，底下还有房呢。\""}]"", ""current_tenant_message"": ""{\""speaker\"":\""tenant\"",\""content\"":\""您好，可以帮我详细介绍下该房源情况吗？\"",\""timestamp\"":\""2026-08-03 19:00:26\""}""}",,,
"{""message_id"": ""CVOS-DJKH-N6I4-50OM"", ""business_type"": ""STANDARD_RENTAL"", ""listing_context"": ""{}"", ""conversation_history"": ""[{\""timestamp\"":\""2026-08-03 16:40:16\"",\""speaker\"":\""tenant\"",\""content\"":\""我要5楼以上的通风好些\""},{\""timestamp\"":\""2026-08-03 16:40:38\"",\""speaker\"":\""agent\"",\""content\"":\""我想想哈\""},{\""timestamp\"":\""2026-08-03 16:40:48\"",\""speaker\"":\""agent\"",\""content\"":\""你想在那边租\""},{\""timestamp\"":\""2026-08-03 16:40:51\"",\""speaker\"":\""tenant\"",\""content\"":\""一个人住的需要通风60平米的也可以但不要回迁房\""},{\""timestamp\"":\""2026-08-03 16:41:04\"",\""speaker\"":\""agent\"",\""content\"":\""可以啊\""},{\""timestamp\"":\""2026-08-03 16:41:13\"",\""speaker\"":\""agent\"",\""content\"":\""西溪蝶园\""},{\""timestamp\"":\""2026-08-03 16:41:36\"",\""speaker\"":\""tenant\"",\""content\"":\""这个前几年去过通风不好\""},{\""timestamp\"":\""2026-08-03 16:41:43\"",\""speaker\"":\""tenant\"",\""content\"":\""跟公寓一样\""},{\""timestamp\"":\""2026-08-03 16:41:46\"",\""speaker\"":\""agent\"",\""content\"":\""你在那边工作\""},{\""timestamp\"":\""2026-08-03 16:42:09\"",\""speaker\"":\""tenant\"",\""content\"":\""湿地公园\""},{\""timestamp\"":\""2026-08-03 16:42:25\"",\""speaker\"":\""agent\"",\""content\"":\""那西溪九号你考虑么\""},{\""timestamp\"":\""2026-08-03 16:42:54\"",\""speaker\"":\""tenant\"",\""content\"":\""有合适楼层吗\""},{\""timestamp\"":\""2026-08-03 16:43:07\"",\""speaker\"":\""agent\"",\""content\"":\""看看\""},{\""timestamp\"":\""2026-08-03 16:43:51\"",\""speaker\"":\""agent\"",\""content\"":\""[{\\\""912392587\\\"":\\\""[房源]整租·西溪新城市·1室 整租 · 1室1厅1卫 · 31.36㎡ · 西 3000元/月\\\""}]\""},{\""timestamp\"":\""2026-08-03 16:43:51\"",\""speaker\"":\""agent\"",\""content\"":\""[{\\\""913831177\\\"":\\\""[房源]整租·申花·申瑞国际·2居室 整租 · 2室1厅2卫 · 48.95㎡ · 北 2500元/月\\\""}]\""},{\""timestamp\"":\""2026-08-03 16:45:41\"",\""speaker\"":\""agent\"",\""content\"":\""其实最主要的还是希望您能来看一下这套房子\""},{\""timestamp\"":\""2026-08-03 16:45:49\"",\""speaker\"":\""agent\"",\""content\"":\""才能找到喜欢的\""},{\""timestamp\"":\""2026-08-03 16:45:53\"",\""speaker\"":\""agent\"",\""content\"":\""留您的联系方式吧\""},{\""timestamp\"":\""2026-08-03 16:45:57\"",\""speaker\"":\""agent\"",\""content\"":\""你什么时候看房，你随时联系我\""}]"", ""current_tenant_message"": ""{\""speaker\"":\""tenant\"",\""content\"":\""那西溪九号你考虑么这里没有吗\"",\""timestamp\"":\""2026-08-03 18:11:18\""}""}",,,
"{""message_id"": ""CVOU-M6MO-SM65-6QKQ"", ""business_type"": ""STANDARD_RENTAL"", ""listing_context"": ""{}"", ""conversation_history"": ""[{\""timestamp\"":\""2026-08-03 20:49:53\"",\""speaker\"":\""tenant\"",\""content\"":\""[{\\\""90035629\\\"":\\\""[房源]整租·新康花园四期·2室1厅 2室1厅1卫 69.45㎡  南 2450元/月\\\""}]\""}]"", ""current_tenant_message"": ""{\""speaker\"":\""tenant\"",\""content\"":\""您好，可以帮我详细介绍下该房源情况吗？\"",\""timestamp\"":\""2026-08-03 20:49:53\""}""}",,,
"{""message_id"": ""CVP0-U7T8-NT27-J05A"", ""business_type"": ""MANAGED_RENTAL"", ""listing_context"": ""{}"", ""conversation_history"": ""[]"", ""current_tenant_message"": ""{\""speaker\"":\""tenant\"",\""content\"":\""您好，可以帮我详细介绍下该房源情况吗？\"",\""timestamp\"":\""2026-08-03 23:27:15\""}""}",,,
"{""message_id"": ""CVOU-V8AE-GBG5-SFFC"", ""business_type"": ""MANAGED_RENTAL"", ""listing_context"": ""{}"", ""conversation_history"": ""[{\""timestamp\"":\""2026-08-03 21:08:20\"",\""speaker\"":\""tenant\"",\""content\"":\""[{\\\""90377844\\\"":\\\""[房源]合租·永乐小区·3室 3室1厅1卫 • 13.6㎡ • 东南 2000 元/月(季付价)\\\""}]\""},{\""timestamp\"":\""2026-08-03 21:08:20\"",\""speaker\"":\""tenant\"",\""content\"":\""{\\\""title\\\"":\\\""用户通过租房详情-钻展进入聊天\\\""}\""},{\""timestamp\"":\""2026-08-03 21:08:20\"",\""speaker\"":\""tenant\"",\""content\"":\""您好，可以帮我详细介绍下该房源情况吗？\""},{\""timestamp\"":\""2026-08-03 21:08:33\"",\""speaker\"":\""agent\"",\""content\"":\""您好\""},{\""timestamp\"":\""2026-08-03 21:08:58\"",\""speaker\"":\""tenant\"",\""content\"":\""这个租户都是女生吗？\""},{\""timestamp\"":\""2026-08-03 21:09:10\"",\""speaker\"":\""agent\"",\""content\"":\""不是啊\""},{\""timestamp\"":\""2026-08-03 21:09:13\"",\""speaker\"":\""agent\"",\""content\"":\""你需要全女生吗\""},{\""timestamp\"":\""2026-08-03 21:09:18\"",\""speaker\"":\""agent\"",\""content\"":\""有其他的\""},{\""timestamp\"":\""2026-08-03 21:09:19\"",\""speaker\"":\""tenant\"",\""content\"":\""对的\""},{\""timestamp\"":\""2026-08-03 21:09:31\"",\""speaker\"":\""agent\"",\""content\"":\""来你加我微信我给你推几个这\""},{\""timestamp\"":\""2026-08-03 21:09:37\"",\""speaker\"":\""agent\"",\""content\"":\""13000000000\""}]"", ""current_tenant_message"": ""{\""speaker\"":\""tenant\"",\""content\"":\""好的\"",\""timestamp\"":\""2026-08-03 21:09:39\""}""}",,,
"{""message_id"": ""CVP0-PDS7-QO66-RI6T"", ""business_type"": ""STANDARD_RENTAL"", ""listing_context"": ""{}"", ""conversation_history"": ""[{\""timestamp\"":\""2026-08-03 23:16:33\"",\""speaker\"":\""tenant\"",\""content\"":\""[{\\\""913615567\\\"":\\\""[房源]整租·爵士风情·4室2厅 4室2厅2卫 · 180㎡ · 南 3500元/月(季付价)\\\""}]\""},{\""timestamp\"":\""2026-08-03 23:16:33\"",\""speaker\"":\""tenant\"",\""content\"":\""{\\\""title\\\"":\\\""用户通过租房详情-钻展进入聊天\\\""}\""},{\""timestamp\"":\""2026-08-03 23:16:33\"",\""speaker\"":\""tenant\"",\""content\"":\""您好，可以帮我详细介绍下该房源情况吗？\""},{\""timestamp\"":\""2026-08-03 23:16:40\"",\""speaker\"":\""tenant\"",\""content\"":\""这个有图片吗\""}]"", ""current_tenant_message"": ""{\""speaker\"":\""tenant\"",\""content\"":\""或者视频吗\"",\""timestamp\"":\""2026-08-03 23:16:44\""}""}",,,
"{""message_id"": ""CVOT-0IIL-9HS6-0M2E"", ""business_type"": ""STANDARD_RENTAL"", ""listing_context"": ""{}"", ""conversation_history"": ""[{\""timestamp\"":\""2026-08-03 18:52:44\"",\""speaker\"":\""tenant\"",\""content\"":\""[{\\\""90354707\\\"":\\\""[房源]整租·文兴东街·1室1厅 1室1厅1卫 40㎡  南 4900元/月\\\""}]\""}]"", ""current_tenant_message"": ""{\""speaker\"":\""tenant\"",\""content\"":\""卫生间有窗户吗？\"",\""timestamp\"":\""2026-08-03 18:52:44\""}""}",,,
"{""message_id"": ""CVOU-OBN4-DMS4-CDDI"", ""business_type"": ""STANDARD_RENTAL"", ""listing_context"": ""{}"", ""conversation_history"": ""[{\""timestamp\"":\""2026-08-03 20:52:47\"",\""speaker\"":\""tenant\"",\""content\"":\""[{\\\""914007073\\\"":\\\""[房源]整租·近江四园·1室1厅 1室1厅1卫 • 46.61㎡ • 南 2200 元/月(季付价)\\\""}]\""},{\""timestamp\"":\""2026-08-03 20:52:47\"",\""speaker\"":\""tenant\"",\""content\"":\""{\\\""title\\\"":\\\""用户通过租房详情-钻展进入聊天\\\""}\""},{\""timestamp\"":\""2026-08-03 20:52:47\"",\""speaker\"":\""tenant\"",\""content\"":\""您好，可以帮我详细介绍下该房源情况吗？\""},{\""timestamp\"":\""2026-08-03 20:52:53\"",\""speaker\"":\""tenant\"",\""content\"":\""请问是顶楼吗\""},{\""timestamp\"":\""2026-08-03 20:53:02\"",\""speaker\"":\""agent\"",\""content\"":\""您好！\""},{\""timestamp\"":\""2026-08-03 20:53:08\"",\""speaker\"":\""agent\"",\""content\"":\""是的\""}]"", ""current_tenant_message"": ""{\""speaker\"":\""tenant\"",\""content\"":\""临主街吗\"",\""timestamp\"":\""2026-08-03 20:54:36\""}""}",,,
"{""message_id"": ""CVOR-GN1O-89U4-KQJQ"", ""business_type"": ""STANDARD_RENTAL"", ""listing_context"": ""{}"", ""conversation_history"": ""[{\""timestamp\"":\""2026-08-03 16:53:57\"",\""speaker\"":\""tenant\"",\""content\"":\""您好，可以帮我详细介绍下该房源情况吗？\""},{\""timestamp\"":\""2026-08-03 16:53:58\"",\""speaker\"":\""tenant\"",\""content\"":\""[{\\\""46099076\\\"":\\\""[房源]整租·博学苑·3室2厅 3室2厅2卫 • 137㎡ • 南北 3300 元/月(季付价)\\\""}]\""},{\""timestamp\"":\""2026-08-03 16:53:58\"",\""speaker\"":\""tenant\"",\""content\"":\""{\\\""title\\\"":\\\""用户通过租房详情-钻展进入聊天\\\""}\""},{\""timestamp\"":\""2026-08-03 16:54:05\"",\""speaker\"":\""tenant\"",\""content\"":\""这个是几楼\""},{\""timestamp\"":\""2026-08-03 16:55:03\"",\""speaker\"":\""agent\"",\""content\"":\""您好，这套房子在2层，总楼层6层，请问您对楼层有具体的要求吗？您可以告诉我您的具体需求，我也可以按照您的要求给您匹配更符合您要求的房源\""},{\""timestamp\"":\""2026-08-03 16:55:20\"",\""speaker\"":\""agent\"",\""content\"":\""如果同意我帮您找房，可将您的联系方式发我，方便联系到您\""},{\""timestamp\"":\""2026-08-03 16:55:39\"",\""speaker\"":\""agent\"",\""content\"":\""要看房吗\""},{\""timestamp\"":\""2026-08-03 17:08:07\"",\""speaker\"":\""tenant\"",\""content\"":\""客户手机号：13000000000(请谨慎使用，请勿将客户电话外泄!)\""}]"", ""current_tenant_message"": ""{\""speaker\"":\""tenant\"",\""content\"":\""是的\"",\""timestamp\"":\""2026-08-03 17:08:11\""}""}",,,
"{""message_id"": ""CVOU-8BDV-QUA5-F2KH"", ""business_type"": ""STANDARD_RENTAL"", ""listing_context"": ""{}"", ""conversation_history"": ""[{\""timestamp\"":\""2026-08-03 19:21:43\"",\""speaker\"":\""tenant\"",\""content\"":\""[{\\\""914028522\\\"":\\\""[房源]整租·亲亲家园三期·1室0厅 1室1卫 · 20㎡ · 南 950元/月(月付价)\\\""}]\""},{\""timestamp\"":\""2026-08-03 19:21:43\"",\""speaker\"":\""tenant\"",\""content\"":\""{\\\""title\\\"":\\\""用户通过租房详情-钻展进入聊天\\\""}\""},{\""timestamp\"":\""2026-08-03 19:21:43\"",\""speaker\"":\""tenant\"",\""content\"":\""您好，可以帮我详细介绍下该房源情况吗？\""},{\""timestamp\"":\""2026-08-03 19:21:47\"",\""speaker\"":\""tenant\"",\""content\"":\""没有空调吗\""},{\""timestamp\"":\""2026-08-03 19:21:56\"",\""speaker\"":\""agent\"",\""content\"":\""1\""},{\""timestamp\"":\""2026-08-03 19:22:08\"",\""speaker\"":\""agent\"",\""content\"":\""你好，这个是有空调的\""},{\""timestamp\"":\""2026-08-03 19:22:21\"",\""speaker\"":\""agent\"",\""content\"":\""想什么时候看房住呢？\""},{\""timestamp\"":\""2026-08-03 19:22:21\"",\""speaker\"":\""tenant\"",\""content\"":\""上面写的一些设备没有\""},{\""timestamp\"":\""2026-08-03 19:22:29\"",\""speaker\"":\""tenant\"",\""content\"":\""那就上面设备齐全吗\""},{\""timestamp\"":\""2026-08-03 19:22:38\"",\""speaker\"":\""agent\"",\""content\"":\""齐全的\""},{\""timestamp\"":\""2026-08-03 19:22:45\"",\""speaker\"":\""tenant\"",\""content\"":\""wi-fi有吗\""},{\""timestamp\"":\""2026-08-03 19:22:58\"",\""speaker\"":\""agent\"",\""content\"":\""无线网的话，这个没有\""},{\""timestamp\"":\""2026-08-03 19:23:05\"",\""speaker\"":\""agent\"",\""content\"":\""但无线网的话，如果自己办理也还好\""},{\""timestamp\"":\""2026-08-03 19:23:20\"",\""speaker\"":\""tenant\"",\""content\"":\""那可以短租吗\""},{\""timestamp\"":\""2026-08-03 19:23:48\"",\""speaker\"":\""agent\"",\""content\"":\""短租多久呢\""}]"", ""current_tenant_message"": ""{\""speaker\"":\""tenant\"",\""content\"":\""两个月\"",\""timestamp\"":\""2026-08-03 20:19:37\""}""}",,,
"{""message_id"": ""CVOU-VU93-F2A6-GFC8"", ""business_type"": ""STANDARD_RENTAL"", ""listing_context"": ""{}"", ""conversation_history"": ""[{\""timestamp\"":\""2026-08-03 21:10:52\"",\""speaker\"":\""tenant\"",\""content\"":\""[{\\\""46138660\\\"":\\\""[房源]整租·青漪花园·2室2厅 2室2厅1卫 90㎡  南 1750元/月\\\""}]\""},{\""timestamp\"":\""2026-08-03 21:10:52\"",\""speaker\"":\""tenant\"",\""content\"":\""{\\\""title\\\"":\\\""用户通过租房详情-钻展进入聊天\\\""}\""},{\""timestamp\"":\""2026-08-03 21:10:52\"",\""speaker\"":\""tenant\"",\""content\"":\""您好，可以帮我详细介绍下该房源情况吗？\""},{\""timestamp\"":\""2026-08-03 21:10:59\"",\""speaker\"":\""tenant\"",\""content\"":\""还在吗\""},{\""timestamp\"":\""2026-08-03 21:11:09\"",\""speaker\"":\""tenant\"",\""content\"":\""[{\\\""46138660\\\"":\\\""[房源]整租·青漪花园·2室2厅 2室2厅1卫 90㎡  南 1750元/月\\\""}]\""}]"", ""current_tenant_message"": ""{\""speaker\"":\""tenant\"",\""content\"":\""您好，可以帮我详细介绍下该房源情况吗？\"",\""timestamp\"":\""2026-08-03 21:11:09\""}""}",,,
"{""message_id"": ""CVP0-IT7L-UHS4-PDA9"", ""business_type"": ""MANAGED_RENTAL"", ""listing_context"": ""{}"", ""conversation_history"": ""[]"", ""current_tenant_message"": ""{\""speaker\"":\""tenant\"",\""content\"":\""您好，我想了解下本房源的租金费用情况。\"",\""timestamp\"":\""2026-08-03 23:02:30\""}""}",,,
"{""message_id"": ""CVOQ-9OUS-15M5-RQOL"", ""business_type"": ""STANDARD_RENTAL"", ""listing_context"": ""{}"", ""conversation_history"": ""[{\""timestamp\"":\""2026-08-03 15:41:52\"",\""speaker\"":\""tenant\"",\""content\"":\""[{\\\""914008006\\\"":\\\""[房源]整租·燕子弄·1室1厅 1室1厅1卫 50.11㎡  南 3000元/月\\\""}]\""},{\""timestamp\"":\""2026-08-03 15:41:52\"",\""speaker\"":\""tenant\"",\""content\"":\""{\\\""title\\\"":\\\""用户通过租房详情-钻展进入聊天\\\""}\""},{\""timestamp\"":\""2026-08-03 15:41:52\"",\""speaker\"":\""tenant\"",\""content\"":\""您好，可以帮我详细介绍下该房源情况吗？\""},{\""timestamp\"":\""2026-08-03 15:42:00\"",\""speaker\"":\""agent\"",\""content\"":\""您好\""},{\""timestamp\"":\""2026-08-03 15:42:02\"",\""speaker\"":\""agent\"",\""content\"":\""房子在的哦\""},{\""timestamp\"":\""2026-08-03 15:42:02\"",\""speaker\"":\""tenant\"",\""content\"":\""可以短租吗\""},{\""timestamp\"":\""2026-08-03 15:42:07\"",\""speaker\"":\""agent\"",\""content\"":\""多久呢？\""},{\""timestamp\"":\""2026-08-03 15:42:15\"",\""speaker\"":\""tenant\"",\""content\"":\""3个月这样\""},{\""timestamp\"":\""2026-08-03 15:42:19\"",\""speaker\"":\""agent\"",\""content\"":\""不可以哦\""},{\""timestamp\"":\""2026-08-03 15:42:36\"",\""speaker\"":\""tenant\"",\""content\"":\""[{\\\""914008006\\\"":\\\""[房源]整租·燕子弄·1室1厅 1室1厅1卫 50.11㎡  南 3000元/月\\\""}]\""},{\""timestamp\"":\""2026-08-03 15:42:36\"",\""speaker\"":\""tenant\"",\""content\"":\""您好，可以帮我详细介绍下该房源情况吗？\""},{\""timestamp\"":\""2026-08-03 15:42:45\"",\""speaker\"":\""agent\"",\""content\"":\""三个月不可以\""},{\""timestamp\"":\""2026-08-03 15:42:54\"",\""speaker\"":\""tenant\"",\""content\"":\""[{\\\""914008006\\\"":\\\""[房源]整租·燕子弄·1室1厅 1室1厅1卫 50.11㎡  南 3000元/月\\\""}]\""},{\""timestamp\"":\""2026-08-03 15:42:54\"",\""speaker\"":\""tenant\"",\""content\"":\""您好，可以帮我详细介绍下该房源情况吗？\""},{\""timestamp\"":\""2026-08-03 15:43:00\"",\""speaker\"":\""agent\"",\""content\"":\""不可以哦\""}]"", ""current_tenant_message"": ""{\""speaker\"":\""tenant\"",\""content\"":\""那有可以短租的吗？\"",\""timestamp\"":\""2026-08-03 15:43:07\""}""}",,,
"{""message_id"": ""CVON-3E4G-UAM5-84T1"", ""business_type"": ""STANDARD_RENTAL"", ""listing_context"": ""{}"", ""conversation_history"": ""[{\""timestamp\"":\""2026-08-03 11:59:03\"",\""speaker\"":\""tenant\"",\""content\"":\""您好，可以帮我详细介绍下该房源情况吗？\""},{\""timestamp\"":\""2026-08-03 11:59:04\"",\""speaker\"":\""tenant\"",\""content\"":\""[{\\\""504709634\\\"":\\\""[房源]整租·交大畅园·1室1厅 1室1厅1卫 • 45.93㎡ • 东南 7000 元/月(季付价)\\\""}]\""},{\""timestamp\"":\""2026-08-03 11:59:04\"",\""speaker\"":\""tenant\"",\""content\"":\""{\\\""title\\\"":\\\""用户通过租房详情-钻展进入聊天\\\""}\""},{\""timestamp\"":\""2026-08-03 11:59:10\"",\""speaker\"":\""agent\"",\""content\"":\""您好！我爱我家交大嘉园店韩冬梅很高兴为您服务！我从业多年，专业诚信、精耕交大商圈；熟悉附近各个小区、擅长与业主客户沟通；为您服务过程中，我承诺：信息咨询如实说、服务体验提前做、权益保障主动赔，本人手机号:13000000000；期待帮助您早日找到理想的家！\""},{\""timestamp\"":\""2026-08-03 11:59:12\"",\""speaker\"":\""agent\"",\""content\"":\""您好\""},{\""timestamp\"":\""2026-08-03 11:59:17\"",\""speaker\"":\""agent\"",\""content\"":\""房子空置\""},{\""timestamp\"":\""2026-08-03 11:59:20\"",\""speaker\"":\""agent\"",\""content\"":\""可以约看\""},{\""timestamp\"":\""2026-08-03 11:59:27\"",\""speaker\"":\""agent\"",\""content\"":\""一层的精装修的\""}]"", ""current_tenant_message"": ""{\""speaker\"":\""tenant\"",\""content\"":\""现在方便联系吗\"",\""timestamp\"":\""2026-08-03 11:59:33\""}""}",,,
"{""message_id"": ""CVOT-TJI6-S4E4-D7TH"", ""business_type"": ""STANDARD_RENTAL"", ""listing_context"": ""{}"", ""conversation_history"": ""[]"", ""current_tenant_message"": ""{\""speaker\"":\""tenant\"",\""content\"":\""您好，我想租房，请给我介绍一下中海馥园即将上架的2居室情况\"",\""timestamp\"":\""2026-08-03 19:56:09\""}""}",,,
"{""message_id"": ""CVON-1GEJ-G287-DB23"", ""business_type"": ""STANDARD_RENTAL"", ""listing_context"": ""{}"", ""conversation_history"": ""[{\""timestamp\"":\""2026-08-03 11:54:19\"",\""speaker\"":\""tenant\"",\""content\"":\""[{\\\""826143506\\\"":\\\""[房源]整租·银泰苑·3室0厅 3室2卫 · 122㎡ · 南北 4800元/月(季付价)\\\""}]\""},{\""timestamp\"":\""2026-08-03 11:54:19\"",\""speaker\"":\""tenant\"",\""content\"":\""{\\\""title\\\"":\\\""用户通过租房详情-钻展进入聊天\\\""}\""},{\""timestamp\"":\""2026-08-03 11:54:19\"",\""speaker\"":\""tenant\"",\""content\"":\""您好，可以帮我详细介绍下该房源情况吗？\""},{\""timestamp\"":\""2026-08-03 11:54:27\"",\""speaker\"":\""tenant\"",\""content\"":\""几楼的呀\""},{\""timestamp\"":\""2026-08-03 11:54:40\"",\""speaker\"":\""agent\"",\""content\"":\""你好\""},{\""timestamp\"":\""2026-08-03 11:54:43\"",\""speaker\"":\""agent\"",\""content\"":\""这个是二楼的\""}]"", ""current_tenant_message"": ""{\""speaker\"":\""tenant\"",\""content\"":\""哦哦，二楼算了反水\"",\""timestamp\"":\""2026-08-03 11:55:20\""}""}",,,
"{""message_id"": ""CVOT-6M7I-DGC7-961C"", ""business_type"": ""STANDARD_RENTAL"", ""listing_context"": ""{}"", ""conversation_history"": ""[{\""timestamp\"":\""2026-08-03 19:06:05\"",\""speaker\"":\""tenant\"",\""content\"":\""[{\\\""90383991\\\"":\\\""[房源]合租·灵秀山庄·3室·房间B 3室1厅2卫 15.9㎡  南 1900元/月\\\""}]\""}]"", ""current_tenant_message"": ""{\""speaker\"":\""tenant\"",\""content\"":\""您好，可以帮我详细介绍下该房源情况吗？\"",\""timestamp\"":\""2026-08-03 19:06:05\""}""}",,,
"{""message_id"": ""CVON-N1SV-ST65-TE4R"", ""business_type"": ""MANAGED_RENTAL"", ""listing_context"": ""{}"", ""conversation_history"": ""[{\""timestamp\"":\""2026-08-03 12:39:14\"",\""speaker\"":\""tenant\"",\""content\"":\""[{\\\""90084358\\\"":\\\""[房源]整租·浦江东旭公寓-东靖路669弄·2室2厅 2室2厅1卫 • 75.86㎡ • 南 6000 元/月(季付价)\\\""}]\""},{\""timestamp\"":\""2026-08-03 12:39:14\"",\""speaker\"":\""tenant\"",\""content\"":\""{\\\""title\\\"":\\\""用户通过租房详情-钻展进入聊天\\\""}\""},{\""timestamp\"":\""2026-08-03 12:39:14\"",\""speaker\"":\""tenant\"",\""content\"":\""您好，可以帮我详细介绍下该房源情况吗？\""},{\""timestamp\"":\""2026-08-03 12:39:21\"",\""speaker\"":\""agent\"",\""content\"":\""你好\""},{\""timestamp\"":\""2026-08-03 12:39:28\"",\""speaker\"":\""agent\"",\""content\"":\""在的什么时间方便看看呢\""},{\""timestamp\"":\""2026-08-03 12:39:30\"",\""speaker\"":\""tenant\"",\""content\"":\""租半年可以吗\""},{\""timestamp\"":\""2026-08-03 12:39:41\"",\""speaker\"":\""agent\"",\""content\"":\""要给你问下\""},{\""timestamp\"":\""2026-08-03 12:39:43\"",\""speaker\"":\""agent\"",\""content\"":\""如果同意我帮您找房，可将您的联系方式发我，方便联系到您\""},{\""timestamp\"":\""2026-08-03 12:39:49\"",\""speaker\"":\""tenant\"",\""content\"":\""客户手机号：13000000000(请谨慎使用，请勿将客户电话外泄!)\""},{\""timestamp\"":\""2026-08-03 12:39:56\"",\""speaker\"":\""agent\"",\""content\"":\""好\""}]"", ""current_tenant_message"": ""{\""speaker\"":\""tenant\"",\""content\"":\""您好，我想了解下房源租金等费用明细。\"",\""timestamp\"":\""2026-08-03 12:42:24\""}""}",,,
"{""message_id"": ""CVOV-FSO6-QGC6-IGV0"", ""business_type"": ""STANDARD_RENTAL"", ""listing_context"": ""{}"", ""conversation_history"": ""[{\""timestamp\"":\""2026-08-03 21:42:25\"",\""speaker\"":\""tenant\"",\""content\"":\""近期就要租\""},{\""timestamp\"":\""2026-08-03 21:42:48\"",\""speaker\"":\""tenant\"",\""content\"":\""这个小区周围的\""},{\""timestamp\"":\""2026-08-03 21:42:51\"",\""speaker\"":\""agent\"",\""content\"":\""好，我找时间给你拍\""},{\""timestamp\"":\""2026-08-03 21:42:51\"",\""speaker\"":\""tenant\"",\""content\"":\""都行\""},{\""timestamp\"":\""2026-08-03 21:43:02\"",\""speaker\"":\""agent\"",\""content\"":\""加个微信啊\""},{\""timestamp\"":\""2026-08-03 21:43:10\"",\""speaker\"":\""tenant\"",\""content\"":\""您好，可以帮我详细介绍下该房源情况吗？\""},{\""timestamp\"":\""2026-08-03 21:43:11\"",\""speaker\"":\""tenant\"",\""content\"":\""[{\\\""46133742\\\"":\\\""[房源]整租·红树湾花园·3室2厅 3室2厅1卫 • 88㎡ • 南 2700 元/月(季付价)\\\""}]\""},{\""timestamp\"":\""2026-08-03 21:43:19\"",\""speaker\"":\""tenant\"",\""content\"":\""还有这个\""},{\""timestamp\"":\""2026-08-03 21:43:28\"",\""speaker\"":\""tenant\"",\""content\"":\""都拍下看看呗\""},{\""timestamp\"":\""2026-08-03 21:43:35\"",\""speaker\"":\""agent\"",\""content\"":\""这是中间楼层的\""},{\""timestamp\"":\""2026-08-03 21:43:43\"",\""speaker\"":\""tenant\"",\""content\"":\""内饰\""},{\""timestamp\"":\""2026-08-03 21:43:48\"",\""speaker\"":\""tenant\"",\""content\"":\""内室\""},{\""timestamp\"":\""2026-08-03 21:43:56\"",\""speaker\"":\""tenant\"",\""content\"":\""不会是毛坯吧\""},{\""timestamp\"":\""2026-08-03 21:44:06\"",\""speaker\"":\""agent\"",\""content\"":\""3房2卫\""},{\""timestamp\"":\""2026-08-03 21:44:11\"",\""speaker\"":\""agent\"",\""content\"":\""简装\""},{\""timestamp\"":\""2026-08-03 21:44:29\"",\""speaker\"":\""tenant\"",\""content\"":\""都一样的吗\""},{\""timestamp\"":\""2026-08-03 21:44:39\"",\""speaker\"":\""agent\"",\""content\"":\""是的\""},{\""timestamp\"":\""2026-08-03 21:44:57\"",\""speaker\"":\""agent\"",\""content\"":\""间单的装修\""}]"", ""current_tenant_message"": ""{\""speaker\"":\""tenant\"",\""content\"":\""好吧\"",\""timestamp\"":\""2026-08-03 21:46:00\""}""}",,,
"{""message_id"": ""CVOM-FETA-G8K7-PE1E"", ""business_type"": ""MANAGED_RENTAL"", ""listing_context"": ""{}"", ""conversation_history"": ""[{\""timestamp\"":\""2026-08-03 11:12:42\"",\""speaker\"":\""tenant\"",\""content\"":\""嗯嗯\""},{\""timestamp\"":\""2026-08-03 11:12:52\"",\""speaker\"":\""agent\"",\""content\"":\""2楼的\""},{\""timestamp\"":\""2026-08-03 11:13:30\"",\""speaker\"":\""agent\"",\""content\"":\""您对楼层有要求吗\""},{\""timestamp\"":\""2026-08-03 11:13:47\"",\""speaker\"":\""tenant\"",\""content\"":\""2楼挺好的\""},{\""timestamp\"":\""2026-08-03 11:13:52\"",\""speaker\"":\""agent\"",\""content\"":\""可以的\""},{\""timestamp\"":\""2026-08-03 11:14:05\"",\""speaker\"":\""agent\"",\""content\"":\""方便给了留个联系方式吗\""},{\""timestamp\"":\""2026-08-03 11:14:11\"",\""speaker\"":\""agent\"",\""content\"":\""我在给您找找\""},{\""timestamp\"":\""2026-08-03 11:14:18\"",\""speaker\"":\""agent\"",\""content\"":\""这套也可以带您看看\""},{\""timestamp\"":\""2026-08-03 11:14:40\"",\""speaker\"":\""agent\"",\""content\"":\""如果同意我帮您找房，可将您的联系方式发我，方便联系到您\""},{\""timestamp\"":\""2026-08-03 11:14:52\"",\""speaker\"":\""tenant\"",\""content\"":\""我问一下这个相遇的付款方式是什么样的呀\""},{\""timestamp\"":\""2026-08-03 11:15:02\"",\""speaker\"":\""agent\"",\""content\"":\""这种是可以\""},{\""timestamp\"":\""2026-08-03 11:15:04\"",\""speaker\"":\""tenant\"",\""content\"":\""小程序上付吗\""},{\""timestamp\"":\""2026-08-03 11:15:09\"",\""speaker\"":\""agent\"",\""content\"":\""压1\""},{\""timestamp\"":\""2026-08-03 11:15:11\"",\""speaker\"":\""agent\"",\""content\"":\""付1\""},{\""timestamp\"":\""2026-08-03 11:15:13\"",\""speaker\"":\""agent\"",\""content\"":\""app\""},{\""timestamp\"":\""2026-08-03 11:15:27\"",\""speaker\"":\""agent\"",\""content\"":\""正常结算就可以了\""},{\""timestamp\"":\""2026-08-03 11:15:32\"",\""speaker\"":\""agent\"",\""content\"":\""比较方便\""},{\""timestamp\"":\""2026-08-03 11:15:48\"",\""speaker\"":\""tenant\"",\""content\"":\""好的了解了\""},{\""timestamp\"":\""2026-08-03 11:15:53\"",\""speaker\"":\""agent\"",\""content\"":\""嗯嗯\""}]"", ""current_tenant_message"": ""{\""speaker\"":\""tenant\"",\""content\"":\""+个联系方式吧\"",\""timestamp\"":\""2026-08-03 11:15:55\""}""}",,,
"{""message_id"": ""CVOQ-A39F-TUM6-3TDH"", ""business_type"": ""MANAGED_RENTAL"", ""listing_context"": ""{}"", ""conversation_history"": ""[{\""timestamp\"":\""2026-08-03 15:36:38\"",\""speaker\"":\""tenant\"",\""content\"":\""[{\\\""90380362\\\"":\\\""[房源]整租·双玉中街·2室1厅 2室1厅1卫 • 57.21㎡ • 南北 5300 元/月(季付价)\\\""}]\""},{\""timestamp\"":\""2026-08-03 15:36:38\"",\""speaker\"":\""tenant\"",\""content\"":\""{\\\""title\\\"":\\\""用户通过租房详情-钻展进入聊天\\\""}\""},{\""timestamp\"":\""2026-08-03 15:36:38\"",\""speaker\"":\""tenant\"",\""content\"":\""您好，可以帮我详细介绍下该房源情况吗？\""},{\""timestamp\"":\""2026-08-03 15:36:46\"",\""speaker\"":\""tenant\"",\""content\"":\""你好这个几楼\""},{\""timestamp\"":\""2026-08-03 15:37:33\"",\""speaker\"":\""agent\"",\""content\"":\""您好\""},{\""timestamp\"":\""2026-08-03 15:38:10\"",\""speaker\"":\""tenant\"",\""content\"":\""[{\\\""90380362\\\"":\\\""[房源]整租·双玉中街·2室1厅 2室1厅1卫 • 57.21㎡ • 南北 5300 元/月(季付价)\\\""}]\""},{\""timestamp\"":\""2026-08-03 15:38:10\"",\""speaker\"":\""tenant\"",\""content\"":\""您好，可以帮我详细介绍下该房源情况吗？\""},{\""timestamp\"":\""2026-08-03 15:38:39\"",\""speaker\"":\""agent\"",\""content\"":\""好的\""},{\""timestamp\"":\""2026-08-03 15:38:40\"",\""speaker\"":\""agent\"",\""content\"":\""我帮您看看\""},{\""timestamp\"":\""2026-08-03 15:42:14\"",\""speaker\"":\""agent\"",\""content\"":\""您好，在4层\""},{\""timestamp\"":\""2026-08-03 15:42:42\"",\""speaker\"":\""agent\"",\""content\"":\""您是想看一下这套房子吗，您今天方便吗\""},{\""timestamp\"":\""2026-08-03 15:43:32\"",\""speaker\"":\""tenant\"",\""content\"":\""有点高\""}]"", ""current_tenant_message"": ""{\""speaker\"":\""tenant\"",\""content\"":\""在板厂小学高部附近\"",\""timestamp\"":\""2026-08-03 15:43:49\""}""}",,,
"{""message_id"": ""CVOU-Q25Q-8BO5-ODFJ"", ""business_type"": ""STANDARD_RENTAL"", ""listing_context"": ""{}"", ""conversation_history"": ""[{\""timestamp\"":\""2026-08-03 20:56:15\"",\""speaker\"":\""tenant\"",\""content\"":\""不能加\""},{\""timestamp\"":\""2026-08-03 20:56:20\"",\""speaker\"":\""agent\"",\""content\"":\""好的\""},{\""timestamp\"":\""2026-08-03 20:56:30\"",\""speaker\"":\""agent\"",\""content\"":\""微信发视频给你\""},{\""timestamp\"":\""2026-08-03 20:56:45\"",\""speaker\"":\""tenant\"",\""content\"":\""这里不能发吗？\""},{\""timestamp\"":\""2026-08-03 20:56:48\"",\""speaker\"":\""agent\"",\""content\"":\""在宝带上学，还是工作\""},{\""timestamp\"":\""2026-08-03 20:56:55\"",\""speaker\"":\""tenant\"",\""content\"":\""上学\""},{\""timestamp\"":\""2026-08-03 20:57:11\"",\""speaker\"":\""agent\"",\""content\"":\""上宝带小学是吧？\""},{\""timestamp\"":\""2026-08-03 20:57:13\"",\""speaker\"":\""tenant\"",\""content\"":\""迎春中学\""},{\""timestamp\"":\""2026-08-03 20:57:18\"",\""speaker\"":\""agent\"",\""content\"":\""行\""},{\""timestamp\"":\""2026-08-03 20:57:24\"",\""speaker\"":\""agent\"",\""content\"":\""莱茵园去不去？\""},{\""timestamp\"":\""2026-08-03 20:57:31\"",\""speaker\"":\""tenant\"",\""content\"":\""也可以\""},{\""timestamp\"":\""2026-08-03 20:58:02\"",\""speaker\"":\""agent\"",\""content\"":\""行，明早我约一下房东，给你发链接\""}]"", ""current_tenant_message"": ""{\""speaker\"":\""tenant\"",\""content\"":\""提前了解一下情况\"",\""timestamp\"":\""2026-08-03 20:58:19\""}""}",,,
"{""message_id"": ""CVON-L168-3O44-6CE9"", ""business_type"": ""STANDARD_RENTAL"", ""listing_context"": ""{}"", ""conversation_history"": ""[{\""timestamp\"":\""2026-08-03 12:36:05\"",\""speaker\"":\""tenant\"",\""content\"":\""{\\\""title\\\"":\\\""用户通过经纪人主页进入聊天\\\""}\""},{\""timestamp\"":\""2026-08-03 12:36:05\"",\""speaker\"":\""tenant\"",\""content\"":\""您好，我最近正在看您所负责区域的房子，有推荐的小区吗？\""},{\""timestamp\"":\""2026-08-03 12:36:10\"",\""speaker\"":\""agent\"",\""content\"":\""您好\""},{\""timestamp\"":\""2026-08-03 12:36:14\"",\""speaker\"":\""tenant\"",\""content\"":\""这套房看一下\""},{\""timestamp\"":\""2026-08-03 12:36:26\"",\""speaker\"":\""agent\"",\""content\"":\""您是现在要看房子是吧\""},{\""timestamp\"":\""2026-08-03 12:36:56\"",\""speaker\"":\""tenant\"",\""content\"":\""京贸国际公馆业主，靓景明居这套房是几层我们离得很近\""},{\""timestamp\"":\""2026-08-03 12:37:17\"",\""speaker\"":\""agent\"",\""content\"":\""不好意思您能在发一下这房子么\""},{\""timestamp\"":\""2026-08-03 12:37:23\"",\""speaker\"":\""agent\"",\""content\"":\""我信号不好看不到\""},{\""timestamp\"":\""2026-08-03 12:37:30\"",\""speaker\"":\""tenant\"",\""content\"":\""[{\\\""505011630\\\"":\\\""[房源]整租·靓景明居·3室1厅 3室1厅2卫 · 125.32㎡ · 南北 5800元/月(季付价)\\\""}]\""},{\""timestamp\"":\""2026-08-03 12:37:30\"",\""speaker\"":\""tenant\"",\""content\"":\""{\\\""title\\\"":\\\""用户通过租房详情-钻展进入聊天\\\""}\""},{\""timestamp\"":\""2026-08-03 12:37:30\"",\""speaker\"":\""tenant\"",\""content\"":\""您好，可以帮我详细介绍下该房源情况吗？\""},{\""timestamp\"":\""2026-08-03 12:37:42\"",\""speaker\"":\""tenant\"",\""content\"":\""[img]\""},{\""timestamp\"":\""2026-08-03 12:37:43\"",\""speaker\"":\""agent\"",\""content\"":\""这个房子月中到期\""},{\""timestamp\"":\""2026-08-03 12:37:48\"",\""speaker\"":\""agent\"",\""content\"":\""您来得及么\""},{\""timestamp\"":\""2026-08-03 12:37:48\"",\""speaker\"":\""tenant\"",\""content\"":\""我知道\""}]"", ""current_tenant_message"": ""{\""speaker\"":\""tenant\"",\""content\"":\""我们需要房子在20号左右\"",\""timestamp\"":\""2026-08-03 12:37:59\""}""}",,,
"{""message_id"": ""CVOQ-CV2T-17M5-6OFB"", ""business_type"": ""MANAGED_RENTAL"", ""listing_context"": ""{}"", ""conversation_history"": ""[{\""timestamp\"":\""2026-08-02 17:30:19\"",\""speaker\"":\""tenant\"",\""content\"":\""[{\\\""912850812\\\"":\\\""[房源]合租·玲珑府·4室 4室1厅2卫 · 21㎡ · 南 1550元/月(季付价)\\\""}]\""},{\""timestamp\"":\""2026-08-02 17:30:19\"",\""speaker\"":\""tenant\"",\""content\"":\""您好，可以帮我详细介绍下该房源情况吗？\""},{\""timestamp\"":\""2026-08-02 17:30:20\"",\""speaker\"":\""tenant\"",\""content\"":\""{\\\""title\\\"":\\\""用户通过租房详情-钻展进入聊天\\\""}\""},{\""timestamp\"":\""2026-08-02 17:30:20\"",\""speaker\"":\""tenant\"",\""content\"":\""{\\\""title\\\"":\\\""用户通过租房详情-钻展进入聊天\\\""}\""},{\""timestamp\"":\""2026-08-02 17:30:27\"",\""speaker\"":\""tenant\"",\""content\"":\""这个房间有独卫你\""},{\""timestamp\"":\""2026-08-02 17:30:30\"",\""speaker\"":\""tenant\"",\""content\"":\""吗\""},{\""timestamp\"":\""2026-08-02 17:31:30\"",\""speaker\"":\""agent\"",\""content\"":\""[自动回复]您好，感谢选择我来为您服务。很抱歉现在不能及时回复，我会尽快与您联系。或拨打我的电话4008893172,0280周昕轲\""},{\""timestamp\"":\""2026-08-02 18:09:41\"",\""speaker\"":\""tenant\"",\""content\"":\""[{\\\""912850814\\\"":\\\""[房源]合租·玲珑府·4室 4室1厅2卫 · 15㎡ · 东 1300元/月(季付价)\\\""}]\""},{\""timestamp\"":\""2026-08-02 18:09:41\"",\""speaker\"":\""tenant\"",\""content\"":\""您好，可以帮我详细介绍下该房源情况吗？\""},{\""timestamp\"":\""2026-08-02 18:10:42\"",\""speaker\"":\""agent\"",\""content\"":\""[自动回复]您好，感谢选择我来为您服务。很抱歉现在不能及时回复，我会尽快与您联系。或拨打我的电话4008893172,0280周昕轲\""},{\""timestamp\"":\""2026-08-03 15:34:09\"",\""speaker\"":\""agent\"",\""content\"":\""你好\""},{\""timestamp\"":\""2026-08-03 15:34:19\"",\""speaker\"":\""agent\"",\""content\"":\""方便留个联系方式吗？\""},{\""timestamp\"":\""2026-08-03 15:43:56\"",\""speaker\"":\""agent\"",\""content\"":\""如果同意我帮您找房，可将您的联系方式发我，方便联系到您\""}]"", ""current_tenant_message"": ""{\""speaker\"":\""tenant\"",\""content\"":\""您好，可以帮我详细介绍下该房源情况吗？\"",\""timestamp\"":\""2026-08-03 15:50:05\""}""}",,,
"{""message_id"": ""CVOM-62T6-J704-N9UN"", ""business_type"": ""STANDARD_RENTAL"", ""listing_context"": ""{}"", ""conversation_history"": ""[{\""timestamp\"":\""2026-08-03 10:53:59\"",\""speaker\"":\""tenant\"",\""content\"":\""[{\\\""90447834\\\"":\\\""[房源]整租·武夷花园综合楼·2室1厅 2室1厅1卫 113.02㎡  南北 4275元/月\\\""}]\""},{\""timestamp\"":\""2026-08-03 10:53:59\"",\""speaker\"":\""tenant\"",\""content\"":\""您好，可以帮我详细介绍下该房源情况吗？\""},{\""timestamp\"":\""2026-08-03 10:54:00\"",\""speaker\"":\""tenant\"",\""content\"":\""{\\\""title\\\"":\\\""用户通过租房详情-钻展进入聊天\\\""}\""},{\""timestamp\"":\""2026-08-03 10:54:13\"",\""speaker\"":\""agent\"",\""content\"":\""我爱我家运河园店吕立川很高兴为您服务！我从业6年、专业诚信、精耕武夷花园商圈；熟悉周边各个小区、擅长专业；为您服务过程中，我承诺：信息咨询如实说、服务体验提前做、权益保障主动赔，本人手机号:13000000000；期待帮助您早日找到理想的家！\""},{\""timestamp\"":\""2026-08-03 10:54:20\"",\""speaker\"":\""agent\"",\""content\"":\""您好房子在呢\""},{\""timestamp\"":\""2026-08-03 10:54:24\"",\""speaker\"":\""agent\"",\""content\"":\""看房随时\""},{\""timestamp\"":\""2026-08-03 10:54:28\"",\""speaker\"":\""agent\"",\""content\"":\""如果同意我帮您找房，可将您的联系方式发我，方便联系到您\""},{\""timestamp\"":\""2026-08-03 10:54:34\"",\""speaker\"":\""agent\"",\""content\"":\""我可以带您看看\""},{\""timestamp\"":\""2026-08-03 10:54:43\"",\""speaker\"":\""tenant\"",\""content\"":\""客户手机号：13000000000(请谨慎使用，请勿将客户电话外泄!)\""},{\""timestamp\"":\""2026-08-03 10:54:58\"",\""speaker\"":\""agent\"",\""content\"":\""收到。您什么时间有时间，我带您看看\""},{\""timestamp\"":\""2026-08-03 10:55:02\"",\""speaker\"":\""tenant\"",\""content\"":\""[{\\\""90447834\\\"":\\\""[房源]整租·武夷花园综合楼·2室1厅 2室1厅1卫 113.02㎡  南北 4275元/月\\\""}]\""},{\""timestamp\"":\""2026-08-03 10:55:02\"",\""speaker\"":\""tenant\"",\""content\"":\""您好，可以帮我详细介绍下该房源情况吗？\""},{\""timestamp\"":\""2026-08-03 10:55:15\"",\""speaker\"":\""agent\"",\""content\"":\""房子在5层，南北大两居\""}]"", ""current_tenant_message"": ""{\""speaker\"":\""tenant\"",\""content\"":\""可以业主直租不\"",\""timestamp\"":\""2026-08-03 10:55:26\""}""}",,,
"{""message_id"": ""CVOQ-S1FE-PRQ4-7VTM"", ""business_type"": ""MANAGED_RENTAL"", ""listing_context"": ""{}"", ""conversation_history"": ""[{\""timestamp\"":\""2026-08-03 16:22:43\"",\""speaker\"":\""tenant\"",\""content\"":\""[{\\\""90368997\\\"":\\\""[房源]整租·世安家园·2室1厅 2室1厅1卫 · 76.63㎡ · 南 6800元/月(季付价)\\\""}]\""},{\""timestamp\"":\""2026-08-03 16:22:43\"",\""speaker\"":\""tenant\"",\""content\"":\""您好，可以帮我详细介绍下该房源情况吗？\""},{\""timestamp\"":\""2026-08-03 16:22:44\"",\""speaker\"":\""tenant\"",\""content\"":\""{\\\""title\\\"":\\\""用户通过租房详情-钻展进入聊天\\\""}\""},{\""timestamp\"":\""2026-08-03 16:22:58\"",\""speaker\"":\""agent\"",\""content\"":\""您好\""}]"", ""current_tenant_message"": ""{\""speaker\"":\""tenant\"",\""content\"":\""这套能看吗\"",\""timestamp\"":\""2026-08-03 16:23:01\""}""}",,,
"{""message_id"": ""CVP1-5LC7-3T06-NKNP"", ""business_type"": ""STANDARD_RENTAL"", ""listing_context"": ""{}"", ""conversation_history"": ""[{\""timestamp\"":\""2026-08-03 23:38:32\"",\""speaker\"":\""tenant\"",\""content\"":\""[{\\\""826146464\\\"":\\\""[房源]整租·弘扬雅苑·3室2厅 3室2厅2卫 · 129.75㎡ · 南 11500元/月(季付价)\\\""}]\""},{\""timestamp\"":\""2026-08-03 23:38:32\"",\""speaker\"":\""tenant\"",\""content\"":\""您好，可以帮我详细介绍下该房源情况吗？\""},{\""timestamp\"":\""2026-08-03 23:38:51\"",\""speaker\"":\""agent\"",\""content\"":\""在的\""},{\""timestamp\"":\""2026-08-03 23:39:10\"",\""speaker\"":\""tenant\"",\""content\"":\""这套什么时候可以看\""},{\""timestamp\"":\""2026-08-03 23:39:27\"",\""speaker\"":\""agent\"",\""content\"":\""你要什么时候看，我就什么时候约\""},{\""timestamp\"":\""2026-08-03 23:39:32\"",\""speaker\"":\""agent\"",\""content\"":\""提前约就行\""},{\""timestamp\"":\""2026-08-03 23:40:35\"",\""speaker\"":\""tenant\"",\""content\"":\""有照片吗？\""},{\""timestamp\"":\""2026-08-03 23:40:45\"",\""speaker\"":\""agent\"",\""content\"":\""目前没\""},{\""timestamp\"":\""2026-08-03 23:40:50\"",\""speaker\"":\""tenant\"",\""content\"":\""弘雅的\""},{\""timestamp\"":\""2026-08-03 23:40:57\"",\""speaker\"":\""agent\"",\""content\"":\""对\""},{\""timestamp\"":\""2026-08-03 23:41:08\"",\""speaker\"":\""tenant\"",\""content\"":\""能明天看吗\""},{\""timestamp\"":\""2026-08-03 23:41:12\"",\""speaker\"":\""tenant\"",\""content\"":\""几楼\""},{\""timestamp\"":\""2026-08-03 23:41:19\"",\""speaker\"":\""agent\"",\""content\"":\""3楼\""},{\""timestamp\"":\""2026-08-03 23:41:25\"",\""speaker\"":\""agent\"",\""content\"":\""可以约\""},{\""timestamp\"":\""2026-08-03 23:42:33\"",\""speaker\"":\""agent\"",\""content\"":\""如果同意我帮您找房，可将您的联系方式发我，方便联系到您\""}]"", ""current_tenant_message"": ""{\""speaker\"":\""tenant\"",\""content\"":\""您好，可以帮我详细介绍下该房源情况吗？\"",\""timestamp\"":\""2026-08-03 23:43:28\""}""}",,,
"{""message_id"": ""CVOL-M6O8-0UC5-VTJU"", ""business_type"": ""STANDARD_RENTAL"", ""listing_context"": ""{}"", ""conversation_history"": ""[{\""timestamp\"":\""2026-08-03 10:09:57\"",\""speaker\"":\""tenant\"",\""content\"":\""[{\\\""90442279\\\"":\\\""[房源]整租·黑窑厂东街·2室1厅 2室1厅1卫 49.77㎡  西南 4800元/月\\\""}]\""},{\""timestamp\"":\""2026-08-03 10:09:57\"",\""speaker\"":\""tenant\"",\""content\"":\""{\\\""title\\\"":\\\""用户通过租房详情-信息咨询进入聊天\\\""}\""},{\""timestamp\"":\""2026-08-03 10:09:57\"",\""speaker\"":\""tenant\"",\""content\"":\""您好，我想了解下本房源的租金费用情况。\""},{\""timestamp\"":\""2026-08-03 10:10:03\"",\""speaker\"":\""tenant\"",\""content\"":\""押金和房租怎么支付？\""},{\""timestamp\"":\""2026-08-03 10:10:06\"",\""speaker\"":\""agent\"",\""content\"":\""您好，我爱我家虎坊路店耿涛很高兴为您服务!我从业12年、专业诚信、精耕陶然亭、虎坊桥商圈。熟悉周边小区，擅长相寓收房，租赁服务。为您服务过程中我承诺：信息咨询如实说、服务体验提前做、权益保障主动赔，本人手机号13000000000\""},{\""timestamp\"":\""2026-08-03 10:10:07\"",\""speaker\"":\""agent\"",\""content\"":\""您好\""},{\""timestamp\"":\""2026-08-03 10:10:19\"",\""speaker\"":\""agent\"",\""content\"":\""押一付三\""},{\""timestamp\"":\""2026-08-03 10:10:22\"",\""speaker\"":\""tenant\"",\""content\"":\""这房子离陶然亭北门有多远\""},{\""timestamp\"":\""2026-08-03 10:10:31\"",\""speaker\"":\""agent\"",\""content\"":\""走路七八分钟\""},{\""timestamp\"":\""2026-08-03 10:10:38\"",\""speaker\"":\""tenant\"",\""content\"":\""在几层\""},{\""timestamp\"":\""2026-08-03 10:10:43\"",\""speaker\"":\""agent\"",\""content\"":\""四层\""},{\""timestamp\"":\""2026-08-03 10:10:48\"",\""speaker\"":\""agent\"",\""content\"":\""您什么时候用房\""},{\""timestamp\"":\""2026-08-03 10:11:26\"",\""speaker\"":\""agent\"",\""content\"":\""就找这附近的吗\""},{\""timestamp\"":\""2026-08-03 10:12:14\"",\""speaker\"":\""agent\"",\""content\"":\""方便加您微信吗，给您找找别的房子\""},{\""timestamp\"":\""2026-08-03 10:12:43\"",\""speaker\"":\""agent\"",\""content\"":\""这个房子已经定出去了，我发您几套别的\""},{\""timestamp\"":\""2026-08-03 10:13:30\"",\""speaker\"":\""tenant\"",\""content\"":\""目前这个价位我还能接受\""},{\""timestamp\"":\""2026-08-03 10:13:39\"",\""speaker\"":\""tenant\"",\""content\"":\""就找这附近的\""},{\""timestamp\"":\""2026-08-03 10:13:42\"",\""speaker\"":\""agent\"",\""content\"":\""可以\""},{\""timestamp\"":\""2026-08-03 10:13:52\"",\""speaker\"":\""agent\"",\""content\"":\""也是孩子在附近上学吗\""},{\""timestamp\"":\""2026-08-03 10:14:02\"",\""speaker\"":\""agent\"",\""content\"":\""我给您找找\""},{\""timestamp\"":\""2026-08-03 10:14:04\"",\""speaker\"":\""agent\"",\""content\"":\""如果同意我帮您找房，可将您的联系方式发我，方便联系到您\""},{\""timestamp\"":\""2026-08-03 10:14:28\"",\""speaker\"":\""tenant\"",\""content\"":\""是\""},{\""timestamp\"":\""2026-08-03 10:14:35\"",\""speaker\"":\""agent\"",\""content\"":\""好的\""},{\""timestamp\"":\""2026-08-03 10:15:00\"",\""speaker\"":\""agent\"",\""content\"":\""有合适的房子我怎么发您\""},{\""timestamp\"":\""2026-08-03 10:20:00\"",\""speaker\"":\""agent\"",\""content\"":\""您加我微信13000000000\""},{\""timestamp\"":\""2026-08-03 10:20:04\"",\""speaker\"":\""agent\"",\""content\"":\""耿涛\""},{\""timestamp\"":\""2026-08-03 10:20:44\"",\""speaker\"":\""tenant\"",\""content\"":\""[{\\\""90442279\\\"":\\\""[房源]整租·黑窑厂东街·2室1厅 2室1厅1卫 49.77㎡  西南 4800元/月\\\""}]\""}]"", ""current_tenant_message"": ""{\""speaker\"":\""tenant\"",\""content\"":\""您好，可以帮我详细介绍下该房源情况吗？\"",\""timestamp\"":\""2026-08-03 10:20:44\""}""}",,,
"{""message_id"": ""CVOV-RSJG-UIK6-QOCI"", ""business_type"": ""MANAGED_RENTAL"", ""listing_context"": ""{}"", ""conversation_history"": ""[{\""timestamp\"":\""2026-08-03 22:10:40\"",\""speaker\"":\""tenant\"",\""content\"":\""[{\\\""90237289\\\"":\\\""[房源]合租·中塔园·2室 2室1厅1卫 · 15㎡ · 北 2109元/月(季付价)\\\""}]\""},{\""timestamp\"":\""2026-08-03 22:10:40\"",\""speaker\"":\""tenant\"",\""content\"":\""{\\\""title\\\"":\\\""用户通过租房详情-钻展进入聊天\\\""}\""},{\""timestamp\"":\""2026-08-03 22:10:40\"",\""speaker\"":\""tenant\"",\""content\"":\""您好，可以帮我详细介绍下该房源情况吗？\""},{\""timestamp\"":\""2026-08-03 22:10:49\"",\""speaker\"":\""tenant\"",\""content\"":\""押金和房租怎么支付？\""},{\""timestamp\"":\""2026-08-03 22:10:50\"",\""speaker\"":\""agent\"",\""content\"":\""您好\""},{\""timestamp\"":\""2026-08-03 22:10:55\"",\""speaker\"":\""tenant\"",\""content\"":\""价格能便宜吗\""},{\""timestamp\"":\""2026-08-03 22:11:02\"",\""speaker\"":\""agent\"",\""content\"":\""可以的\""},{\""timestamp\"":\""2026-08-03 22:11:04\"",\""speaker\"":\""tenant\"",\""content\"":\""后面可以加床住两个人吗\""},{\""timestamp\"":\""2026-08-03 22:11:12\"",\""speaker\"":\""agent\"",\""content\"":\""方便可以\""},{\""timestamp\"":\""2026-08-03 22:11:23\"",\""speaker\"":\""agent\"",\""content\"":\""方便留个电话吗\""},{\""timestamp\"":\""2026-08-03 22:11:32\"",\""speaker\"":\""agent\"",\""content\"":\""现在下班了，明天联系\""},{\""timestamp\"":\""2026-08-03 22:11:32\"",\""speaker\"":\""tenant\"",\""content\"":\""房租最低能多少\""},{\""timestamp\"":\""2026-08-03 22:11:39\"",\""speaker\"":\""agent\"",\""content\"":\""如果同意我帮您找房，可将您的联系方式发我，方便联系到您\""},{\""timestamp\"":\""2026-08-03 22:11:50\"",\""speaker\"":\""tenant\"",\""content\"":\""客户手机号：13000000000(请谨慎使用，请勿将客户电话外泄！)\""},{\""timestamp\"":\""2026-08-03 22:11:55\"",\""speaker\"":\""agent\"",\""content\"":\""收到\""}]"", ""current_tenant_message"": ""{\""speaker\"":\""tenant\"",\""content\"":\""最低多少钱\"",\""timestamp\"":\""2026-08-03 22:12:12\""}""}",,,
"{""message_id"": ""CVOM-F28P-7UM6-3JPN"", ""business_type"": ""STANDARD_RENTAL"", ""listing_context"": ""{}"", ""conversation_history"": ""[{\""timestamp\"":\""2026-07-15 16:00:46\"",\""speaker\"":\""tenant\"",\""content\"":\""双南向二居，干净，如果没有电梯的话，就低层的\""},{\""timestamp\"":\""2026-07-15 16:01:22\"",\""speaker\"":\""tenant\"",\""content\"":\""13000000000手机号同微信号，如果有合适麻烦跟我说一下吧，谢谢\""},{\""timestamp\"":\""2026-07-15 16:01:26\"",\""speaker\"":\""agent\"",\""content\"":\""好嘞\""},{\""timestamp\"":\""2026-08-03 11:11:10\"",\""speaker\"":\""tenant\"",\""content\"":\""[{\\\""504983758\\\"":\\\""[房源]整租·和平里·民旺园·2室·1厅 2室1厅1卫 55㎡ 南 7500元/月\\\""}]\""},{\""timestamp\"":\""2026-08-03 11:11:26\"",\""speaker\"":\""agent\"",\""content\"":\""您好\""},{\""timestamp\"":\""2026-08-03 11:11:56\"",\""speaker\"":\""agent\"",\""content\"":\""您好，您租到房子了吗？前几天给您打电话，您说是租到了。\""},{\""timestamp\"":\""2026-08-03 11:11:58\"",\""speaker\"":\""tenant\"",\""content\"":\""您好，这是几号楼几层呀？\""},{\""timestamp\"":\""2026-08-03 11:12:14\"",\""speaker\"":\""agent\"",\""content\"":\""9号楼\""},{\""timestamp\"":\""2026-08-03 11:12:27\"",\""speaker\"":\""agent\"",\""content\"":\""4层\""},{\""timestamp\"":\""2026-08-03 11:13:06\"",\""speaker\"":\""tenant\"",\""content\"":\""[{\\\""504983758\\\"":\\\""[房源]整租·和平里·民旺园·2室·1厅 2室1厅1卫 55㎡ 南 7500元/月\\\""}]\""},{\""timestamp\"":\""2026-08-03 11:13:14\"",\""speaker\"":\""agent\"",\""content\"":\""您好\""},{\""timestamp\"":\""2026-08-03 11:13:32\"",\""speaker\"":\""tenant\"",\""content\"":\""看到还有一套报价7200的，是几号楼几层呀？\""},{\""timestamp\"":\""2026-08-03 11:13:56\"",\""speaker\"":\""tenant\"",\""content\"":\""总层高6层，报价7200，是几号楼几层呀？\""},{\""timestamp\"":\""2026-08-03 11:14:08\"",\""speaker\"":\""tenant\"",\""content\"":\""[{\\\""504983758\\\"":\\\""[房源]整租·和平里·民旺园·2室·1厅 2室1厅1卫 55㎡ 南 7500元/月\\\""}]\""},{\""timestamp\"":\""2026-08-03 11:14:34\"",\""speaker\"":\""agent\"",\""content\"":\""12号楼的\""},{\""timestamp\"":\""2026-08-03 11:14:44\"",\""speaker\"":\""agent\"",\""content\"":\""也是4层\""}]"", ""current_tenant_message"": ""{\""speaker\"":\""tenant\"",\""content\"":\""哦哦，4层有点高\"",\""timestamp\"":\""2026-08-03 11:15:03\""}""}",,,
"{""message_id"": ""CVOT-HEK8-T865-FMNP"", ""business_type"": ""STANDARD_RENTAL"", ""listing_context"": ""{}"", ""conversation_history"": ""[{\""timestamp\"":\""2026-08-03 19:23:45\"",\""speaker\"":\""tenant\"",\""content\"":\""他是空着了吗\""},{\""timestamp\"":\""2026-08-03 19:23:53\"",\""speaker\"":\""agent\"",\""content\"":\""看中这个都能谈\""},{\""timestamp\"":\""2026-08-03 19:23:56\"",\""speaker\"":\""tenant\"",\""content\"":\""可立即入住的吗\""},{\""timestamp\"":\""2026-08-03 19:24:12\"",\""speaker\"":\""agent\"",\""content\"":\""可以的\""},{\""timestamp\"":\""2026-08-03 19:24:18\"",\""speaker\"":\""agent\"",\""content\"":\""我加你微信\""},{\""timestamp\"":\""2026-08-03 19:24:21\"",\""speaker\"":\""tenant\"",\""content\"":\""可以立即入住的？\""},{\""timestamp\"":\""2026-08-03 19:24:25\"",\""speaker\"":\""tenant\"",\""content\"":\""有图片吗\""},{\""timestamp\"":\""2026-08-03 19:24:41\"",\""speaker\"":\""agent\"",\""content\"":\""可以立即入住\""},{\""timestamp\"":\""2026-08-03 19:24:51\"",\""speaker\"":\""agent\"",\""content\"":\""我跟房东问一下\""},{\""timestamp\"":\""2026-08-03 19:24:56\"",\""speaker\"":\""agent\"",\""content\"":\""是不是空的\""},{\""timestamp\"":\""2026-08-03 19:25:12\"",\""speaker\"":\""tenant\"",\""content\"":\""那你问下吧\""},{\""timestamp\"":\""2026-08-03 19:25:20\"",\""speaker\"":\""agent\"",\""content\"":\""好的\""},{\""timestamp\"":\""2026-08-03 19:29:08\"",\""speaker\"":\""tenant\"",\""content\"":\""问了吗\""},{\""timestamp\"":\""2026-08-03 19:29:14\"",\""speaker\"":\""tenant\"",\""content\"":\""房东怎么说\""},{\""timestamp\"":\""2026-08-03 19:29:23\"",\""speaker\"":\""tenant\"",\""content\"":\""是空的吗\""},{\""timestamp\"":\""2026-08-03 19:29:25\"",\""speaker\"":\""agent\"",\""content\"":\""稍等一下\""},{\""timestamp\"":\""2026-08-03 19:29:32\"",\""speaker\"":\""tenant\"",\""content\"":\""什么时候能看房\""}]"", ""current_tenant_message"": ""{\""speaker\"":\""tenant\"",\""content\"":\""今天可以看吗\"",\""timestamp\"":\""2026-08-03 19:29:36\""}""}",,,
"{""message_id"": ""CVOO-4DCU-P5G6-UAKM"", ""business_type"": ""STANDARD_RENTAL"", ""listing_context"": ""{}"", ""conversation_history"": ""[{\""timestamp\"":\""2026-08-03 13:11:35\"",\""speaker\"":\""tenant\"",\""content\"":\""[{\\\""505017880\\\"":\\\""[房源]整租·车站西街17号院·2室1厅 2室1厅1卫 55.63㎡  南北 7200元/月\\\""}]\""}]"", ""current_tenant_message"": ""{\""speaker\"":\""tenant\"",\""content\"":\""您好，我想了解下房屋设施情况。\"",\""timestamp\"":\""2026-08-03 13:11:35\""}""}",,,
"{""message_id"": ""CVOV-CP2A-7O66-IGV0"", ""business_type"": ""STANDARD_RENTAL"", ""listing_context"": ""{}"", ""conversation_history"": ""[{\""timestamp\"":\""2026-08-03 21:39:00\"",\""speaker\"":\""tenant\"",\""content\"":\""您好，可以帮我详细介绍下该房源情况吗？\""},{\""timestamp\"":\""2026-08-03 21:39:01\"",\""speaker\"":\""tenant\"",\""content\"":\""[{\\\""46133742\\\"":\\\""[房源]整租·红树湾花园·3室2厅 3室2厅1卫 • 88㎡ • 南 2700 元/月(季付价)\\\""}]\""},{\""timestamp\"":\""2026-08-03 21:39:01\"",\""speaker\"":\""tenant\"",\""content\"":\""{\\\""title\\\"":\\\""用户通过租房详情-钻展进入聊天\\\""}\""}]"", ""current_tenant_message"": ""{\""speaker\"":\""tenant\"",\""content\"":\""你好，这个房子是什么情况\"",\""timestamp\"":\""2026-08-03 21:39:12\""}""}",,,
"{""message_id"": ""CVOP-V7B5-H3U4-U37K"", ""business_type"": ""MANAGED_RENTAL"", ""listing_context"": ""{}"", ""conversation_history"": ""[{\""timestamp\"":\""2026-08-03 01:21:31\"",\""speaker\"":\""tenant\"",\""content\"":\""[{\\\""913450057\\\"":\\\""[房源]整租·钱塘景苑·4室1厅 4室1厅2卫 · 178.15㎡ · 南 5500元/月(季付价)\\\""}]\""},{\""timestamp\"":\""2026-08-03 01:21:31\"",\""speaker\"":\""tenant\"",\""content\"":\""{\\\""title\\\"":\\\""用户通过租房详情-钻展进入聊天\\\""}\""},{\""timestamp\"":\""2026-08-03 01:21:31\"",\""speaker\"":\""tenant\"",\""content\"":\""您好，可以帮我详细介绍下该房源情况吗？\""},{\""timestamp\"":\""2026-08-03 01:21:40\"",\""speaker\"":\""tenant\"",\""content\"":\""这个有视频吗\""},{\""timestamp\"":\""2026-08-03 11:37:24\"",\""speaker\"":\""tenant\"",\""content\"":\""[{\\\""913450057\\\"":\\\""[房源]整租·钱塘景苑·4室1厅 4室1厅2卫 · 178.15㎡ · 南 5500元/月(季付价)\\\""}]\""},{\""timestamp\"":\""2026-08-03 11:37:24\"",\""speaker\"":\""tenant\"",\""content\"":\""您好，可以帮我详细介绍下该房源情况吗？\""},{\""timestamp\"":\""2026-08-03 11:37:35\"",\""speaker\"":\""agent\"",\""content\"":\""在的\""},{\""timestamp\"":\""2026-08-03 11:38:18\"",\""speaker\"":\""agent\"",\""content\"":\""您主要想了解哪方面的信息，方便的话加下微信，我给您详细介绍一下？\""}]"", ""current_tenant_message"": ""{\""speaker\"":\""tenant\"",\""content\"":\""这个还在吗\"",\""timestamp\"":\""2026-08-03 15:20:04\""}""}",,,
"{""message_id"": ""CVOP-471D-QHQ7-6MEJ"", ""business_type"": ""MANAGED_RENTAL"", ""listing_context"": ""{}"", ""conversation_history"": ""[{\""timestamp\"":\""2026-08-03 14:20:56\"",\""speaker\"":\""tenant\"",\""content\"":\""[{\\\""90350062\\\"":\\\""[房源]合租·关东店北街·3室·房间C 3室1厅1卫 · 15㎡ · 北 2000元/月(季付价)\\\""}]\""},{\""timestamp\"":\""2026-08-03 14:20:56\"",\""speaker\"":\""tenant\"",\""content\"":\""{\\\""title\\\"":\\\""用户通过租房详情-钻展进入聊天\\\""}\""},{\""timestamp\"":\""2026-08-03 14:20:56\"",\""speaker\"":\""tenant\"",\""content\"":\""您好，可以帮我详细介绍下该房源情况吗？\""}]"", ""current_tenant_message"": ""{\""speaker\"":\""tenant\"",\""content\"":\""这个房子还在吗\"",\""timestamp\"":\""2026-08-03 14:21:04\""}""}",,,
"{""message_id"": ""CVOU-EJTI-1K07-PLMP"", ""business_type"": ""STANDARD_RENTAL"", ""listing_context"": ""{}"", ""conversation_history"": ""[{\""timestamp\"":\""2026-08-03 20:33:18\"",\""speaker\"":\""tenant\"",\""content\"":\""[{\\\""46136445\\\"":\\\""[房源]整租·环秀湖花园·2室2厅 2室2厅1卫 70㎡  南 2300元/月\\\""}]\""}]"", ""current_tenant_message"": ""{\""speaker\"":\""tenant\"",\""content\"":\""您好，可以帮我详细介绍下该房源情况吗？\"",\""timestamp\"":\""2026-08-03 20:33:19\""}""}",,,
"{""message_id"": ""CVOS-E69U-THU5-PCUN"", ""business_type"": ""MANAGED_RENTAL"", ""listing_context"": ""{}"", ""conversation_history"": ""[{\""timestamp\"":\""2026-08-03 18:00:22\"",\""speaker\"":\""tenant\"",\""content\"":\""[{\\\""25654430\\\"":\\\""[房源]整租·五月华庭 1室1厅1卫·33.93㎡·南 4800元/月\\\""}]\""},{\""timestamp\"":\""2026-08-03 18:01:23\"",\""speaker\"":\""agent\"",\""content\"":\""[自动回复]您好，感谢选择我来为您服务。很抱歉现在不能及时回复，我会尽快与您联系。或拨打我的电话4008896756,9590秦奕涵\""},{\""timestamp\"":\""2026-08-03 18:02:08\"",\""speaker\"":\""agent\"",\""content\"":\""您好\""},{\""timestamp\"":\""2026-08-03 18:04:04\"",\""speaker\"":\""agent\"",\""content\"":\""这款房子9.6可租\""},{\""timestamp\"":\""2026-08-03 18:04:22\"",\""speaker\"":\""agent\"",\""content\"":\""您什么时候入住呢\""},{\""timestamp\"":\""2026-08-03 18:04:38\"",\""speaker\"":\""tenant\"",\""content\"":\""我时间ok\""},{\""timestamp\"":\""2026-08-03 18:04:44\"",\""speaker\"":\""tenant\"",\""content\"":\""同时还想咨询周围能停车的小区\""},{\""timestamp\"":\""2026-08-03 18:05:06\"",\""speaker\"":\""agent\"",\""content\"":\""是轿车吗\""},{\""timestamp\"":\""2026-08-03 18:06:58\"",\""speaker\"":\""tenant\"",\""content\"":\""是\""},{\""timestamp\"":\""2026-08-03 18:08:05\"",\""speaker\"":\""agent\"",\""content\"":\""有地下停车场呢\""},{\""timestamp\"":\""2026-08-03 18:08:22\"",\""speaker\"":\""agent\"",\""content\"":\""小区外地面上也有\""},{\""timestamp\"":\""2026-08-03 18:08:26\"",\""speaker\"":\""agent\"",\""content\"":\""但都收费呢\""},{\""timestamp\"":\""2026-08-03 18:12:03\"",\""speaker\"":\""agent\"",\""content\"":\""地上地下标准都是800元/月\""},{\""timestamp\"":\""2026-08-03 18:12:29\"",\""speaker\"":\""tenant\"",\""content\"":\""太贵了\""},{\""timestamp\"":\""2026-08-03 18:12:33\"",\""speaker\"":\""tenant\"",\""content\"":\""有便宜的吗\""}]"", ""current_tenant_message"": ""{\""speaker\"":\""tenant\"",\""content\"":\""周围小区都行\"",\""timestamp\"":\""2026-08-03 18:12:34\""}""}",,,
"{""message_id"": ""CVOK-A8RE-96A5-FVJJ"", ""business_type"": ""STANDARD_RENTAL"", ""listing_context"": ""{}"", ""conversation_history"": ""[{\""timestamp\"":\""2026-08-02 21:48:19\"",\""speaker\"":\""tenant\"",\""content\"":\""[{\\\""819902508\\\"":\\\""[房源]整租·气象里·1室1厅 1室1厅1卫 · 36.68㎡ · 南 2200元/月(季付价)\\\""}]\""},{\""timestamp\"":\""2026-08-02 21:48:19\"",\""speaker\"":\""tenant\"",\""content\"":\""{\\\""title\\\"":\\\""用户通过租房详情-钻展进入聊天\\\""}\""},{\""timestamp\"":\""2026-08-02 21:48:19\"",\""speaker\"":\""tenant\"",\""content\"":\""您好，可以帮我详细介绍下该房源情况吗？\""},{\""timestamp\"":\""2026-08-02 21:48:22\"",\""speaker\"":\""tenant\"",\""content\"":\""这是几楼亲\""},{\""timestamp\"":\""2026-08-02 21:48:32\"",\""speaker\"":\""agent\"",\""content\"":\""这套房子在6层，总楼层6层，请问您对楼层有具体要求吗？\""},{\""timestamp\"":\""2026-08-02 21:48:36\"",\""speaker\"":\""tenant\"",\""content\"":\""[{\\\""819902508\\\"":\\\""[房源]整租·气象里·1室1厅 1室1厅1卫 · 36.68㎡ · 南 2200元/月(季付价)\\\""}]\""},{\""timestamp\"":\""2026-08-02 21:48:36\"",\""speaker\"":\""tenant\"",\""content\"":\""您好，可以帮我详细介绍下该房源情况吗？\""},{\""timestamp\"":\""2026-08-02 21:48:46\"",\""speaker\"":\""agent\"",\""content\"":\""您好，您发的这套房子目前是正常在租的，业主也是诚心出租\""},{\""timestamp\"":\""2026-08-02 21:49:13\"",\""speaker\"":\""agent\"",\""content\"":\""这套房子在6层，总楼层6层，请问您对楼层有具体要求吗？\""},{\""timestamp\"":\""2026-08-02 22:45:16\"",\""speaker\"":\""tenant\"",\""content\"":\""[{\\\""819975019\\\"":\\\""[房源]整租·环湖北里·2室1厅 2室1厅1卫 · 65.18㎡ · 南 2800元/月(季付价)\\\""}]\""},{\""timestamp\"":\""2026-08-02 22:45:16\"",\""speaker\"":\""tenant\"",\""content\"":\""您好，可以帮我详细介绍下该房源情况吗？\""},{\""timestamp\"":\""2026-08-02 22:45:38\"",\""speaker\"":\""agent\"",\""content\"":\""您好\""},{\""timestamp\"":\""2026-08-02 22:45:42\"",\""speaker\"":\""agent\"",\""content\"":\""房子在出租\""},{\""timestamp\"":\""2026-08-02 22:45:53\"",\""speaker\"":\""agent\"",\""content\"":\""精装修，拎包入住\""},{\""timestamp\"":\""2026-08-02 22:46:04\"",\""speaker\"":\""agent\"",\""content\"":\""邻近中学和小学\""},{\""timestamp\"":\""2026-08-03 08:42:23\"",\""speaker\"":\""tenant\"",\""content\"":\""[{\\\""819955492\\\"":\\\""[房源]整租·平山里·1室1厅 1室1厅1卫 · 37.94㎡ · 南 2000元/月(季付价)\\\""}]\""},{\""timestamp\"":\""2026-08-03 08:42:23\"",\""speaker\"":\""tenant\"",\""content\"":\""{\\\""title\\\"":\\\""用户通过租房详情-钻展进入聊天\\\""}\""},{\""timestamp\"":\""2026-08-03 08:42:23\"",\""speaker\"":\""tenant\"",\""content\"":\""您好，可以帮我详细介绍下该房源情况吗？\""},{\""timestamp\"":\""2026-08-03 08:42:33\"",\""speaker\"":\""tenant\"",\""content\"":\""这个在几楼方便告知吗谢谢\""},{\""timestamp\"":\""2026-08-03 08:42:49\"",\""speaker\"":\""agent\"",\""content\"":\""您好，这套房子在2层，总高5层\""},{\""timestamp\"":\""2026-08-03 08:43:47\"",\""speaker\"":\""tenant\"",\""content\"":\""[{\\\""819955492\\\"":\\\""[房源]整租·平山里·1室1厅 1室1厅1卫 · 37.94㎡ · 南 2000元/月(季付价)\\\""}]\""},{\""timestamp\"":\""2026-08-03 08:43:47\"",\""speaker\"":\""tenant\"",\""content\"":\""您好，可以帮我详细介绍下该房源情况吗？\""},{\""timestamp\"":\""2026-08-03 08:43:58\"",\""speaker\"":\""tenant\"",\""content\"":\""图片跟户型好像对不上\""},{\""timestamp\"":\""2026-08-03 08:44:15\"",\""speaker\"":\""tenant\"",\""content\"":\""客厅餐厅那个地面都不一样\""}]"", ""current_tenant_message"": ""{\""speaker\"":\""tenant\"",\""content\"":\""您好，可以帮我详细介绍下该房源情况吗？\"",\""timestamp\"":\""2026-08-03 08:44:46\""}""}",,,
"{""message_id"": ""CVOQ-4SHQ-OS24-05OQ"", ""business_type"": ""STANDARD_RENTAL"", ""listing_context"": ""{}"", ""conversation_history"": ""[{\""timestamp\"":\""2026-08-03 15:26:04\"",\""speaker\"":\""tenant\"",\""content\"":\""[{\\\""912859734\\\"":\\\""[房源]整租·荣星君佳园·3室1厅 3室1厅2卫  123.52㎡  南 3800元/月(季付价)\\\""}]\""},{\""timestamp\"":\""2026-08-03 15:26:04\"",\""speaker\"":\""tenant\"",\""content\"":\""您好，可以帮我详细介绍下该房源情况吗？\""},{\""timestamp\"":\""2026-08-03 15:26:05\"",\""speaker\"":\""agent\"",\""content\"":\""可以谈的\""},{\""timestamp\"":\""2026-08-03 15:26:06\"",\""speaker\"":\""tenant\"",\""content\"":\""[{\\\""912859734\\\"":\\\""[房源]整租·荣星君佳园·3室1厅 3室1厅2卫  123.52㎡  南 3800元/月(季付价)\\\""}]\""},{\""timestamp\"":\""2026-08-03 15:26:06\"",\""speaker\"":\""tenant\"",\""content\"":\""您好，可以帮我详细介绍下该房源情况吗？\""},{\""timestamp\"":\""2026-08-03 15:26:11\"",\""speaker\"":\""agent\"",\""content\"":\""有空先过来看看\""},{\""timestamp\"":\""2026-08-03 15:26:14\"",\""speaker\"":\""tenant\"",\""content\"":\""这个最低能谈到多少？\""},{\""timestamp\"":\""2026-08-03 15:26:18\"",\""speaker\"":\""tenant\"",\""content\"":\""他这个是100多平方的吗？\""},{\""timestamp\"":\""2026-08-03 15:26:30\"",\""speaker\"":\""agent\"",\""content\"":\""我看看哈\""},{\""timestamp\"":\""2026-08-03 15:26:32\"",\""speaker\"":\""agent\"",\""content\"":\""稍等\""},{\""timestamp\"":\""2026-08-03 15:26:48\"",\""speaker\"":\""tenant\"",\""content\"":\""好的\""},{\""timestamp\"":\""2026-08-03 15:27:34\"",\""speaker\"":\""agent\"",\""content\"":\""是隔套的呢\""},{\""timestamp\"":\""2026-08-03 15:31:05\"",\""speaker\"":\""tenant\"",\""content\"":\""我以为是整租\""},{\""timestamp\"":\""2026-08-03 15:31:25\"",\""speaker\"":\""agent\"",\""content\"":\""不是的\""},{\""timestamp\"":\""2026-08-03 15:31:47\"",\""speaker\"":\""agent\"",\""content\"":\""[{\\\""913791372\\\"":\\\""[房源]整租·北干·荣星君佳园·3居室 3室1厅2卫 南 4400元\\\""}]\""},{\""timestamp\"":\""2026-08-03 15:31:52\"",\""speaker\"":\""agent\"",\""content\"":\""这个整租的\""}]"", ""current_tenant_message"": ""{\""speaker\"":\""tenant\"",\""content\"":\""这个价钱有点贵，3500能租不？\"",\""timestamp\"":\""2026-08-03 15:32:26\""}""}",,,
"{""message_id"": ""CVP0-TC1E-CJ25-CLTM"", ""business_type"": ""MANAGED_RENTAL"", ""listing_context"": ""{}"", ""conversation_history"": ""[{\""timestamp\"":\""2026-08-03 23:24:28\"",\""speaker\"":\""tenant\"",\""content\"":\""[{\\\""90442752\\\"":\\\""[房源]整租·盛德紫阙·3室1厅 3室1厅2卫 · 175.36㎡ · 东南 11020元/月(月付价)\\\""}]\""},{\""timestamp\"":\""2026-08-03 23:24:28\"",\""speaker\"":\""tenant\"",\""content\"":\""{\\\""title\\\"":\\\""用户通过租房详情-钻展进入聊天\\\""}\""},{\""timestamp\"":\""2026-08-03 23:24:28\"",\""speaker\"":\""tenant\"",\""content\"":\""您好，可以帮我详细介绍下该房源情况吗？\""},{\""timestamp\"":\""2026-08-03 23:24:35\"",\""speaker\"":\""tenant\"",\""content\"":\""这个怎么这么便宜\""},{\""timestamp\"":\""2026-08-03 23:24:38\"",\""speaker\"":\""agent\"",\""content\"":\""您好\""},{\""timestamp\"":\""2026-08-03 23:24:42\"",\""speaker\"":\""agent\"",\""content\"":\""这个业主短租\""},{\""timestamp\"":\""2026-08-03 23:24:51\"",\""speaker\"":\""agent\"",\""content\"":\""在租在卖的所以便宜哈\""},{\""timestamp\"":\""2026-08-03 23:25:00\"",\""speaker\"":\""agent\"",\""content\"":\""您是想在附近租房吗\""},{\""timestamp\"":\""2026-08-03 23:25:06\"",\""speaker\"":\""tenant\"",\""content\"":\""最低保多久\""},{\""timestamp\"":\""2026-08-03 23:25:18\"",\""speaker\"":\""agent\"",\""content\"":\""目前出租两个月\""}]"", ""current_tenant_message"": ""{\""speaker\"":\""tenant\"",\""content\"":\""您好，可以帮我详细介绍下该房源情况吗？\"",\""timestamp\"":\""2026-08-03 23:25:21\""}""}",,,
"{""message_id"": ""CVP0-CI4R-1BO4-6KSN"", ""business_type"": ""STANDARD_RENTAL"", ""listing_context"": ""{}"", ""conversation_history"": ""[{\""timestamp\"":\""2026-08-03 22:42:02\"",\""speaker\"":\""tenant\"",\""content\"":\""我得去看看\""},{\""timestamp\"":\""2026-08-03 22:42:07\"",\""speaker\"":\""tenant\"",\""content\"":\""才能决定\""},{\""timestamp\"":\""2026-08-03 22:42:48\"",\""speaker\"":\""agent\"",\""content\"":\""[语音]\""},{\""timestamp\"":\""2026-08-03 22:42:48\"",\""speaker\"":\""tenant\"",\""content\"":\""周五才能去看了\""},{\""timestamp\"":\""2026-08-03 22:43:13\"",\""speaker\"":\""tenant\"",\""content\"":\""这个离我看的那个远吗\""},{\""timestamp\"":\""2026-08-03 22:43:14\"",\""speaker\"":\""agent\"",\""content\"":\""[语音]\""},{\""timestamp\"":\""2026-08-03 22:43:30\"",\""speaker\"":\""tenant\"",\""content\"":\""我都是上午\""},{\""timestamp\"":\""2026-08-03 22:43:35\"",\""speaker\"":\""agent\"",\""content\"":\""[语音]\""},{\""timestamp\"":\""2026-08-03 22:43:39\"",\""speaker\"":\""tenant\"",\""content\"":\""我早上9点下班去\""},{\""timestamp\"":\""2026-08-03 22:43:41\"",\""speaker\"":\""agent\"",\""content\"":\""[语音]\""},{\""timestamp\"":\""2026-08-03 22:46:51\"",\""speaker\"":\""tenant\"",\""content\"":\""你看看这个能不能便宜\""},{\""timestamp\"":\""2026-08-03 22:47:27\"",\""speaker\"":\""agent\"",\""content\"":\""[语音]\""}]"", ""current_tenant_message"": ""{\""speaker\"":\""tenant\"",\""content\"":\""她这个是年付？\"",\""timestamp\"":\""2026-08-03 22:48:38\""}""}",,,
"{""message_id"": ""CVOK-0KOR-TVE4-OV73"", ""business_type"": ""STANDARD_RENTAL"", ""listing_context"": ""{}"", ""conversation_history"": ""[{\""timestamp\"":\""2026-08-03 08:21:02\"",\""speaker\"":\""tenant\"",\""content\"":\""[{\\\""505017468\\\"":\\\""[房源]整租·潘家园·嘉多丽园·5室·1厅 5室1厅2卫 155.99㎡ 南北 15000元/月\\\""}]\""},{\""timestamp\"":\""2026-08-03 08:21:13\"",\""speaker\"":\""agent\"",\""content\"":\""您好\""},{\""timestamp\"":\""2026-08-03 08:21:17\"",\""speaker\"":\""tenant\"",\""content\"":\""5居室？\""},{\""timestamp\"":\""2026-08-03 08:21:26\"",\""speaker\"":\""tenant\"",\""content\"":\""你好\""},{\""timestamp\"":\""2026-08-03 08:21:35\"",\""speaker\"":\""agent\"",\""content\"":\""是的\""},{\""timestamp\"":\""2026-08-03 08:21:50\"",\""speaker\"":\""tenant\"",\""content\"":\""客厅多大？\""},{\""timestamp\"":\""2026-08-03 08:22:25\"",\""speaker\"":\""agent\"",\""content\"":\""大概40平米左右\""},{\""timestamp\"":\""2026-08-03 08:22:53\"",\""speaker\"":\""tenant\"",\""content\"":\""什么时间可以看\""},{\""timestamp\"":\""2026-08-03 08:23:12\"",\""speaker\"":\""agent\"",\""content\"":\""您给我一个电话，约好了房子我给您回过去\""}]"", ""current_tenant_message"": ""{\""speaker\"":\""tenant\"",\""content\"":\""这里留言可以先\"",\""timestamp\"":\""2026-08-03 08:23:44\""}""}",,,
"{""message_id"": ""CVOV-5RNA-I347-GADO"", ""business_type"": ""STANDARD_RENTAL"", ""listing_context"": ""{}"", ""conversation_history"": ""[{\""timestamp\"":\""2026-08-03 21:21:06\"",\""speaker\"":\""tenant\"",\""content\"":\""[{\\\""504931271\\\"":\\\""[房源]整租·朝阳新城五区·1室1厅 1室1厅1卫 70.26㎡  西 4350元/月\\\""}]\""},{\""timestamp\"":\""2026-08-03 21:21:06\"",\""speaker\"":\""tenant\"",\""content\"":\""{\\\""title\\\"":\\\""用户通过租房详情-钻展进入聊天\\\""}\""},{\""timestamp\"":\""2026-08-03 21:21:06\"",\""speaker\"":\""tenant\"",\""content\"":\""您好，可以帮我详细介绍下该房源情况吗？\""},{\""timestamp\"":\""2026-08-03 21:21:13\"",\""speaker\"":\""tenant\"",\""content\"":\""这个可以当宿舍吗\""},{\""timestamp\"":\""2026-08-03 21:21:17\"",\""speaker\"":\""agent\"",\""content\"":\""您好！\""},{\""timestamp\"":\""2026-08-03 21:21:29\"",\""speaker\"":\""agent\"",\""content\"":\""住几个人\""},{\""timestamp\"":\""2026-08-03 21:21:39\"",\""speaker\"":\""tenant\"",\""content\"":\""五六个人\""},{\""timestamp\"":\""2026-08-03 21:21:50\"",\""speaker\"":\""agent\"",\""content\"":\""那不行，这套不合适\""},{\""timestamp\"":\""2026-08-03 21:21:57\"",\""speaker\"":\""tenant\"",\""content\"":\""有合适的吗\""},{\""timestamp\"":\""2026-08-03 21:22:10\"",\""speaker\"":\""agent\"",\""content\"":\""我看看哈\""},{\""timestamp\"":\""2026-08-03 21:23:14\"",\""speaker\"":\""agent\"",\""content\"":\""我先留个您联系方式，明天上班我把其他的都问问，然后回您话\""},{\""timestamp\"":\""2026-08-03 21:24:05\"",\""speaker\"":\""tenant\"",\""content\"":\""[{\\\""504931271\\\"":\\\""[房源]整租·朝阳新城五区·1室1厅 1室1厅1卫 70.26㎡  西 4350元/月\\\""}]\""}]"", ""current_tenant_message"": ""{\""speaker\"":\""tenant\"",\""content\"":\""您好，可以帮我详细介绍下该房源情况吗？\"",\""timestamp\"":\""2026-08-03 21:24:05\""}""}",,,
"{""message_id"": ""CVP0-9JDR-0KS6-LA0J"", ""business_type"": ""STANDARD_RENTAL"", ""listing_context"": ""{}"", ""conversation_history"": ""[{\""timestamp\"":\""2026-08-03 22:40:37\"",\""speaker\"":\""tenant\"",\""content\"":\""[{\\\""90415037\\\"":\\\""[房源]整租·流星花园三区·1室1厅 1室1厅1卫 140.39㎡  南 3250元/月\\\""}]\""},{\""timestamp\"":\""2026-08-03 22:40:37\"",\""speaker\"":\""tenant\"",\""content\"":\""{\\\""title\\\"":\\\""用户通过租房详情-钻展进入聊天\\\""}\""},{\""timestamp\"":\""2026-08-03 22:40:37\"",\""speaker\"":\""tenant\"",\""content\"":\""您好，可以帮我详细介绍下该房源情况吗？\""},{\""timestamp\"":\""2026-08-03 22:40:42\"",\""speaker\"":\""tenant\"",\""content\"":\""租房合同签多久？\""},{\""timestamp\"":\""2026-08-03 22:40:52\"",\""speaker\"":\""agent\"",\""content\"":\""一年起租\""},{\""timestamp\"":\""2026-08-03 22:41:16\"",\""speaker\"":\""tenant\"",\""content\"":\""[{\\\""90415037\\\"":\\\""[房源]整租·流星花园三区·1室1厅 1室1厅1卫 140.39㎡  南 3250元/月\\\""}]\""},{\""timestamp\"":\""2026-08-03 22:41:16\"",\""speaker\"":\""tenant\"",\""content\"":\""您好，可以帮我详细介绍下该房源情况吗？\""},{\""timestamp\"":\""2026-08-03 22:41:26\"",\""speaker\"":\""agent\"",\""content\"":\""这房子9月中旬到期\""},{\""timestamp\"":\""2026-08-03 22:41:26\"",\""speaker\"":\""tenant\"",\""content\"":\""是一楼嘛\""},{\""timestamp\"":\""2026-08-03 22:42:03\"",\""speaker\"":\""tenant\"",\""content\"":\""日期可以\""}]"", ""current_tenant_message"": ""{\""speaker\"":\""tenant\"",\""content\"":\""有视频吗\"",\""timestamp\"":\""2026-08-03 22:42:10\""}""}",,,
"{""message_id"": ""CVOM-15D3-CRU7-VR2R"", ""business_type"": ""MANAGED_RENTAL"", ""listing_context"": ""{}"", ""conversation_history"": ""[{\""timestamp\"":\""2026-08-03 10:43:35\"",\""speaker\"":\""tenant\"",\""content\"":\""次卧？\""},{\""timestamp\"":\""2026-08-03 10:43:37\"",\""speaker\"":\""agent\"",\""content\"":\""可以随时看房\""},{\""timestamp\"":\""2026-08-03 10:43:40\"",\""speaker\"":\""tenant\"",\""content\"":\""无隔断？\""},{\""timestamp\"":\""2026-08-03 10:43:42\"",\""speaker\"":\""agent\"",\""content\"":\""这个是主卧\""},{\""timestamp\"":\""2026-08-03 10:43:49\"",\""speaker\"":\""tenant\"",\""content\"":\""多少钱最低\""},{\""timestamp\"":\""2026-08-03 10:43:52\"",\""speaker\"":\""agent\"",\""content\"":\""四家两卫\""},{\""timestamp\"":\""2026-08-03 10:44:01\"",\""speaker\"":\""tenant\"",\""content\"":\""离哪个地铁近些\""},{\""timestamp\"":\""2026-08-03 10:44:04\"",\""speaker\"":\""agent\"",\""content\"":\""这个价格差不多最低了\""},{\""timestamp\"":\""2026-08-03 10:44:09\"",\""speaker\"":\""agent\"",\""content\"":\""离霍营地铁近一些\""},{\""timestamp\"":\""2026-08-03 10:44:12\"",\""speaker\"":\""agent\"",\""content\"":\""如果同意我帮您找房，可将您的联系方式发我，方便联系到您\""},{\""timestamp\"":\""2026-08-03 10:44:16\"",\""speaker\"":\""agent\"",\""content\"":\""方便加个微信和留一下您的手机号吗？\""},{\""timestamp\"":\""2026-08-03 10:44:24\"",\""speaker\"":\""tenant\"",\""content\"":\""离地铁多远走路\""},{\""timestamp\"":\""2026-08-03 10:44:34\"",\""speaker\"":\""agent\"",\""content\"":\""走路13分钟\""},{\""timestamp\"":\""2026-08-03 10:44:35\"",\""speaker\"":\""tenant\"",\""content\"":\""主卧带独卫？\""}]"", ""current_tenant_message"": ""{\""speaker\"":\""tenant\"",\""content\"":\""户型图发下看看\"",\""timestamp\"":\""2026-08-03 10:44:41\""}""}",,,
"{""message_id"": ""CVOO-0G00-2LG5-7SCO"", ""business_type"": ""STANDARD_RENTAL"", ""listing_context"": ""{}"", ""conversation_history"": ""[{\""timestamp\"":\""2026-08-03 13:00:33\"",\""speaker\"":\""tenant\"",\""content\"":\""[{\\\""914004769\\\"":\\\""[房源]整租·府苑新村·2室2厅 2室2厅1卫 94.7㎡  南 4500元/月\\\""}]\""},{\""timestamp\"":\""2026-08-03 13:00:33\"",\""speaker\"":\""tenant\"",\""content\"":\""{\\\""title\\\"":\\\""用户通过租房详情-钻展进入聊天\\\""}\""},{\""timestamp\"":\""2026-08-03 13:00:33\"",\""speaker\"":\""tenant\"",\""content\"":\""您好，可以帮我详细介绍下该房源情况吗？\""},{\""timestamp\"":\""2026-08-03 13:00:45\"",\""speaker\"":\""agent\"",\""content\"":\""在的\""},{\""timestamp\"":\""2026-08-03 13:00:52\"",\""speaker\"":\""agent\"",\""content\"":\""这套目前还在\""},{\""timestamp\"":\""2026-08-03 13:00:56\"",\""speaker\"":\""agent\"",\""content\"":\""民水电\""},{\""timestamp\"":\""2026-08-03 13:01:22\"",\""speaker\"":\""agent\"",\""content\"":\""可随时看房采光良好\""},{\""timestamp\"":\""2026-08-03 13:01:44\"",\""speaker\"":\""agent\"",\""content\"":\""3楼\""},{\""timestamp\"":\""2026-08-03 13:02:04\"",\""speaker\"":\""tenant\"",\""content\"":\""能降下来多少\""},{\""timestamp\"":\""2026-08-03 13:02:09\"",\""speaker\"":\""agent\"",\""content\"":\""价格可以和房东谈一下\""},{\""timestamp\"":\""2026-08-03 13:02:15\"",\""speaker\"":\""agent\"",\""content\"":\""房东也会过去\""},{\""timestamp\"":\""2026-08-03 13:02:20\"",\""speaker\"":\""tenant\"",\""content\"":\""车位能录入嘛\""},{\""timestamp\"":\""2026-08-03 13:02:34\"",\""speaker\"":\""tenant\"",\""content\"":\""包物业嘛\""},{\""timestamp\"":\""2026-08-03 13:02:39\"",\""speaker\"":\""agent\"",\""content\"":\""包物业\""},{\""timestamp\"":\""2026-08-03 13:02:52\"",\""speaker\"":\""agent\"",\""content\"":\""要有车位对吗\""}]"", ""current_tenant_message"": ""{\""speaker\"":\""tenant\"",\""content\"":\""是的\"",\""timestamp\"":\""2026-08-03 13:03:02\""}""}",,,
"{""message_id"": ""CVOM-KAO7-IE84-02OM"", ""business_type"": ""STANDARD_RENTAL"", ""listing_context"": ""{}"", ""conversation_history"": ""[{\""timestamp\"":\""2026-08-03 11:26:33\"",\""speaker\"":\""tenant\"",\""content\"":\""[{\\\""42597302\\\"":\\\""[房源]整租·海杰德大厦·1室1厅 1室1厅1卫 49㎡  东 2250元/月\\\""}]\""}]"", ""current_tenant_message"": ""{\""speaker\"":\""tenant\"",\""content\"":\""您好，可以帮我详细介绍下该房源情况吗？\"",\""timestamp\"":\""2026-08-03 11:26:33\""}""}",,,
"{""message_id"": ""CVOM-MSHA-6S84-52KO"", ""business_type"": ""STANDARD_RENTAL"", ""listing_context"": ""{}"", ""conversation_history"": ""[{\""timestamp\"":\""2026-08-03 11:29:11\"",\""speaker\"":\""tenant\"",\""content\"":\""[{\\\""913962955\\\"":\\\""[房源]整租·安乐路·1室1厅 1室1厅1卫 30㎡  东 1300元/月\\\""}]\""},{\""timestamp\"":\""2026-08-03 11:29:11\"",\""speaker\"":\""tenant\"",\""content\"":\""{\\\""title\\\"":\\\""用户通过租房详情-钻展进入聊天\\\""}\""},{\""timestamp\"":\""2026-08-03 11:29:11\"",\""speaker\"":\""tenant\"",\""content\"":\""您好，可以帮我详细介绍下该房源情况吗？\""},{\""timestamp\"":\""2026-08-03 11:29:34\"",\""speaker\"":\""agent\"",\""content\"":\""你好这个房子还在\""},{\""timestamp\"":\""2026-08-03 11:29:46\"",\""speaker\"":\""tenant\"",\""content\"":\""您好，我问一下真是价格是多少\""},{\""timestamp\"":\""2026-08-03 11:29:53\"",\""speaker\"":\""agent\"",\""content\"":\""不过是和房东合租\""},{\""timestamp\"":\""2026-08-03 11:30:13\"",\""speaker\"":\""agent\"",\""content\"":\""[{\\\""913446410\\\"":\\\""[房源]整租·老余杭·安乐路·2居室 2室2厅1卫 南 1300元\\\""}]\""},{\""timestamp\"":\""2026-08-03 11:30:24\"",\""speaker\"":\""agent\"",\""content\"":\""价格就是1300\""},{\""timestamp\"":\""2026-08-03 11:30:33\"",\""speaker\"":\""agent\"",\""content\"":\""你可以看一下这个房子\""},{\""timestamp\"":\""2026-08-03 11:30:40\"",\""speaker\"":\""agent\"",\""content\"":\""整租两室民水电\""}]"", ""current_tenant_message"": ""{\""speaker\"":\""tenant\"",\""content\"":\""只有一个厕所是吗\"",\""timestamp\"":\""2026-08-03 11:32:08\""}""}",,,
"{""message_id"": ""CVOU-7E2C-0364-00B3"", ""business_type"": ""STANDARD_RENTAL"", ""listing_context"": ""{}"", ""conversation_history"": ""[{\""timestamp\"":\""2026-08-03 20:06:11\"",\""speaker\"":\""tenant\"",\""content\"":\""[{\\\""504969962\\\"":\\\""[房源]整租·天通苑东三区·1室1厅 1室1厅1卫 60㎡  南 2700元/月\\\""}]\""},{\""timestamp\"":\""2026-08-03 20:06:11\"",\""speaker\"":\""tenant\"",\""content\"":\""{\\\""title\\\"":\\\""用户通过租房详情-钻展进入聊天\\\""}\""},{\""timestamp\"":\""2026-08-03 20:06:11\"",\""speaker\"":\""tenant\"",\""content\"":\""您好，可以帮我详细介绍下该房源情况吗？\""},{\""timestamp\"":\""2026-08-03 20:06:21\"",\""speaker\"":\""tenant\"",\""content\"":\""这个是整租的吧\""},{\""timestamp\"":\""2026-08-03 20:06:40\"",\""speaker\"":\""agent\"",\""content\"":\""您好\""},{\""timestamp\"":\""2026-08-03 20:06:47\"",\""speaker\"":\""agent\"",\""content\"":\""是整租的\""},{\""timestamp\"":\""2026-08-03 20:07:54\"",\""speaker\"":\""agent\"",\""content\"":\""您这边是什么时间用房呢，可以带您实地看看\""},{\""timestamp\"":\""2026-08-03 20:08:01\"",\""speaker\"":\""agent\"",\""content\"":\""方便的话可以留个联系方式\""},{\""timestamp\"":\""2026-08-03 20:08:04\"",\""speaker\"":\""agent\"",\""content\"":\""如果同意我帮您找房，可将您的联系方式发我，方便联系到您\""},{\""timestamp\"":\""2026-08-03 20:15:34\"",\""speaker\"":\""tenant\"",\""content\"":\""[{\\\""504969962\\\"":\\\""[房源]整租·天通苑东三区·1室1厅 1室1厅1卫 60㎡  南 2700元/月\\\""}]\""},{\""timestamp\"":\""2026-08-03 20:15:35\"",\""speaker\"":\""tenant\"",\""content\"":\""您好，可以帮我详细介绍下该房源情况吗？\""},{\""timestamp\"":\""2026-08-03 20:15:47\"",\""speaker\"":\""tenant\"",\""content\"":\""有天然气吗\""},{\""timestamp\"":\""2026-08-03 20:15:48\"",\""speaker\"":\""agent\"",\""content\"":\""您主要想了解哪方面的信息，方便的话加下微信，我给您详细介绍一下？\""},{\""timestamp\"":\""2026-08-03 20:15:56\"",\""speaker\"":\""agent\"",\""content\"":\""没有天然气\""},{\""timestamp\"":\""2026-08-03 20:16:17\"",\""speaker\"":\""tenant\"",\""content\"":\""[{\\\""504969962\\\"":\\\""[房源]整租·天通苑东三区·1室1厅 1室1厅1卫 60㎡  南 2700元/月\\\""}]\""},{\""timestamp\"":\""2026-08-03 20:16:17\"",\""speaker\"":\""tenant\"",\""content\"":\""您好，可以帮我详细介绍下该房源情况吗？\""},{\""timestamp\"":\""2026-08-03 20:16:21\"",\""speaker\"":\""agent\"",\""content\"":\""您是想租个什么样的房子，可以说一下要求，给您推荐几套合适的\""},{\""timestamp\"":\""2026-08-03 20:16:58\"",\""speaker\"":\""tenant\"",\""content\"":\""50平米左右，带天然气，小区有公立幼儿园就读\""},{\""timestamp\"":\""2026-08-03 20:17:07\"",\""speaker\"":\""tenant\"",\""content\"":\""整租\""},{\""timestamp\"":\""2026-08-03 20:17:17\"",\""speaker\"":\""agent\"",\""content\"":\""嗯，您预算多少钱\""},{\""timestamp\"":\""2026-08-03 20:17:30\"",\""speaker\"":\""tenant\"",\""content\"":\""3000左右\""}]"", ""current_tenant_message"": ""{\""speaker\"":\""tenant\"",\""content\"":\""不要地铁站\"",\""timestamp\"":\""2026-08-03 20:17:37\""}""}",,,
"{""message_id"": ""CVOP-GNTT-P8A7-DVUL"", ""business_type"": ""STANDARD_RENTAL"", ""listing_context"": ""{}"", ""conversation_history"": ""[{\""timestamp\"":\""2026-08-03 14:48:07\"",\""speaker\"":\""tenant\"",\""content\"":\""[{\\\""504962034\\\"":\\\""[房源]整租·朝阳新城一区·1室1厅 1室1厅1卫 134.46㎡  南北 4100元/月\\\""}]\""},{\""timestamp\"":\""2026-08-03 14:48:07\"",\""speaker\"":\""tenant\"",\""content\"":\""我想预约看房\""},{\""timestamp\"":\""2026-08-03 14:48:18\"",\""speaker\"":\""tenant\"",\""content\"":\""[{\\\""504962034\\\"":\\\""[房源]整租·朝阳新城一区·1室1厅 1室1厅1卫 134.46㎡  南北 4100元/月\\\""}]\""},{\""timestamp\"":\""2026-08-03 14:48:18\"",\""speaker\"":\""tenant\"",\""content\"":\""{\\\""title\\\"":\\\""用户通过租房详情-钻展进入聊天\\\""}\""},{\""timestamp\"":\""2026-08-03 14:48:18\"",\""speaker\"":\""tenant\"",\""content\"":\""您好，可以帮我详细介绍下该房源情况吗？\""}]"", ""current_tenant_message"": ""{\""speaker\"":\""tenant\"",\""content\"":\""多少层\"",\""timestamp\"":\""2026-08-03 14:48:26\""}""}",,,
"{""message_id"": ""CVOF-L399-LTA6-O6GR"", ""business_type"": ""STANDARD_RENTAL"", ""listing_context"": ""{}"", ""conversation_history"": ""[{\""timestamp\"":\""2026-08-02 08:14:07\"",\""speaker\"":\""tenant\"",\""content\"":\""去看房我会在楼下等您\""},{\""timestamp\"":\""2026-08-02 08:14:22\"",\""speaker\"":\""tenant\"",\""content\"":\""房子合适的话我加您微信\""},{\""timestamp\"":\""2026-08-02 08:14:41\"",\""speaker\"":\""agent\"",\""content\"":\""好的\""},{\""timestamp\"":\""2026-08-02 08:14:58\"",\""speaker\"":\""tenant\"",\""content\"":\""大概几点发照片\""},{\""timestamp\"":\""2026-08-02 08:15:09\"",\""speaker\"":\""agent\"",\""content\"":\""九点多\""},{\""timestamp\"":\""2026-08-02 08:15:13\"",\""speaker\"":\""tenant\"",\""content\"":\""这个房子哪天能出来？\""},{\""timestamp\"":\""2026-08-02 08:15:23\"",\""speaker\"":\""agent\"",\""content\"":\""十号到期\""},{\""timestamp\"":\""2026-08-02 08:15:45\"",\""speaker\"":\""agent\"",\""content\"":\""还有个六层十四号到期\""},{\""timestamp\"":\""2026-08-02 08:22:48\"",\""speaker\"":\""tenant\"",\""content\"":\""一会儿帮忙拍下照片，然后问下看看能不能给租户补点房租然后房子提前几天出来\""},{\""timestamp\"":\""2026-08-02 08:26:32\"",\""speaker\"":\""tenant\"",\""content\"":\""想最近几天用\""},{\""timestamp\"":\""2026-08-02 09:20:58\"",\""speaker\"":\""agent\"",\""content\"":\""[img]\""},{\""timestamp\"":\""2026-08-02 09:20:58\"",\""speaker\"":\""agent\"",\""content\"":\""[img]\""},{\""timestamp\"":\""2026-08-02 09:20:58\"",\""speaker\"":\""agent\"",\""content\"":\""[img]\""},{\""timestamp\"":\""2026-08-02 09:20:58\"",\""speaker\"":\""agent\"",\""content\"":\""[img]\""},{\""timestamp\"":\""2026-08-02 09:20:59\"",\""speaker\"":\""agent\"",\""content\"":\""[img]\""},{\""timestamp\"":\""2026-08-02 09:26:45\"",\""speaker\"":\""agent\"",\""content\"":\""十号时间上来得及么\""},{\""timestamp\"":\""2026-08-02 09:27:20\"",\""speaker\"":\""agent\"",\""content\"":\""周一下午可以看要不咱俩加个微信\""},{\""timestamp\"":\""2026-08-02 14:30:55\"",\""speaker\"":\""tenant\"",\""content\"":\""这个相片是哪个房子的？\""},{\""timestamp\"":\""2026-08-02 14:31:55\"",\""speaker\"":\""agent\"",\""content\"":\""[自动回复]您好，感谢选择我来为您服务。很抱歉现在不能及时回复，我会尽快与您联系。或拨打我的电话4008896759,8556李晶\""},{\""timestamp\"":\""2026-08-02 15:36:09\"",\""speaker\"":\""agent\"",\""content\"":\""就是你发的的那个十号到期\""},{\""timestamp\"":\""2026-08-02 15:36:34\"",\""speaker\"":\""agent\"",\""content\"":\""看租户就住这个小区\""},{\""timestamp\"":\""2026-08-03 03:18:05\"",\""speaker\"":\""tenant\"",\""content\"":\""[{\\\""505015274\\\"":\\\""[房源]整租·西营房·1室1厅 1室1厅1卫 • 55.95㎡ • 西 6000 元/月(季付价)\\\""}]\""},{\""timestamp\"":\""2026-08-03 03:18:05\"",\""speaker\"":\""tenant\"",\""content\"":\""{\\\""title\\\"":\\\""用户通过租房详情-钻展进入聊天\\\""}\""},{\""timestamp\"":\""2026-08-03 03:18:05\"",\""speaker\"":\""tenant\"",\""content\"":\""您好，可以帮我详细介绍下该房源情况吗？\""},{\""timestamp\"":\""2026-08-03 03:18:18\"",\""speaker\"":\""tenant\"",\""content\"":\""上家住了多久\""}]"", ""current_tenant_message"": ""{\""speaker\"":\""tenant\"",\""content\"":\""业主直租吗\"",\""timestamp\"":\""2026-08-03 03:18:53\""}""}",,,
"{""message_id"": ""CVOR-MU8J-JEC6-PDOI"", ""business_type"": ""MANAGED_RENTAL"", ""listing_context"": ""{}"", ""conversation_history"": ""[]"", ""current_tenant_message"": ""{\""speaker\"":\""tenant\"",\""content\"":\""您好，我想了解下房源租金等费用明细。\"",\""timestamp\"":\""2026-08-03 17:21:47\""}""}",,,
"{""message_id"": ""CVON-Q7FM-OFM5-8RBP"", ""business_type"": ""STANDARD_RENTAL"", ""listing_context"": ""{}"", ""conversation_history"": ""[{\""timestamp\"":\""2026-08-03 12:44:30\"",\""speaker\"":\""tenant\"",\""content\"":\""[{\\\""914028251\\\"":\\\""[房源]合租·春江悦茗公寓·2室 2室1厅1卫 · 89.67㎡ · 南 1000元/月(月付价)\\\""}]\""},{\""timestamp\"":\""2026-08-03 12:44:30\"",\""speaker\"":\""tenant\"",\""content\"":\""您好，我想了解下本房源的租金费用情况。\""},{\""timestamp\"":\""2026-08-03 12:44:31\"",\""speaker\"":\""tenant\"",\""content\"":\""{\\\""title\\\"":\\\""用户通过租房详情-信息咨询进入聊天\\\""}\""},{\""timestamp\"":\""2026-08-03 12:45:22\"",\""speaker\"":\""agent\"",\""content\"":\""你好\""},{\""timestamp\"":\""2026-08-03 12:45:39\"",\""speaker\"":\""agent\"",\""content\"":\""房子在的，需要看房吗\""},{\""timestamp\"":\""2026-08-03 12:45:41\"",\""speaker\"":\""agent\"",\""content\"":\""如果同意我帮您找房，可将您的联系方式发我，方便联系到您\""},{\""timestamp\"":\""2026-08-03 12:46:03\"",\""speaker\"":\""tenant\"",\""content\"":\""什么价\""},{\""timestamp\"":\""2026-08-03 12:46:42\"",\""speaker\"":\""agent\"",\""content\"":\""这套房还剩一间1400的\""}]"", ""current_tenant_message"": ""{\""speaker\"":\""tenant\"",\""content\"":\""好吧超预算了\"",\""timestamp\"":\""2026-08-03 12:49:20\""}""}",,,
"{""message_id"": ""CVOP-QL0G-4726-Q7P8"", ""business_type"": ""STANDARD_RENTAL"", ""listing_context"": ""{}"", ""conversation_history"": ""[{\""timestamp\"":\""2026-08-03 15:10:03\"",\""speaker\"":\""tenant\"",\""content\"":\""[{\\\""90212515\\\"":\\\""[房源]整租·水色宜居·3室2厅 3室2厅2卫 88.95㎡  南 6600元/月\\\""}]\""},{\""timestamp\"":\""2026-08-03 15:10:03\"",\""speaker\"":\""tenant\"",\""content\"":\""{\\\""title\\\"":\\\""用户通过租房详情-钻展进入聊天\\\""}\""},{\""timestamp\"":\""2026-08-03 15:10:03\"",\""speaker\"":\""tenant\"",\""content\"":\""您好，可以帮我详细介绍下该房源情况吗？\""}]"", ""current_tenant_message"": ""{\""speaker\"":\""tenant\"",\""content\"":\""你好有微信吗？\"",\""timestamp\"":\""2026-08-03 15:10:04\""}""}",,,
"{""message_id"": ""CVOU-UO5J-D224-O8OF"", ""business_type"": ""STANDARD_RENTAL"", ""listing_context"": ""{}"", ""conversation_history"": ""[{\""timestamp\"":\""2026-08-03 21:08:14\"",\""speaker\"":\""tenant\"",\""content\"":\""[{\\\""46791614\\\"":\\\""[房源]整租·天华硅谷庄园·2室2厅 2室2厅1卫 85.11㎡  南北 900元/月\\\""}]\""},{\""timestamp\"":\""2026-08-03 21:08:14\"",\""speaker\"":\""tenant\"",\""content\"":\""你好，请问什么时间可以看房？\""}]"", ""current_tenant_message"": ""{\""speaker\"":\""tenant\"",\""content\"":\""我看这个标的是两室两厅，为什么图片里面只有一个卧室呀\"",\""timestamp\"":\""2026-08-03 21:08:33\""}""}",,,
"{""message_id"": ""CVOV-UVNQ-VGC4-H2VS"", ""business_type"": ""STANDARD_RENTAL"", ""listing_context"": ""{}"", ""conversation_history"": ""[{\""timestamp\"":\""2026-08-03 22:18:39\"",\""speaker\"":\""tenant\"",\""content\"":\""[{\\\""819947147\\\"":\\\""[房源]整租·柏丽花园·3室2厅 3室2厅2卫 • 155.57㎡ • 南北 4200 元/月(季付价)\\\""}]\""},{\""timestamp\"":\""2026-08-03 22:18:39\"",\""speaker\"":\""tenant\"",\""content\"":\""{\\\""title\\\"":\\\""用户通过租房详情-钻展进入聊天\\\""}\""},{\""timestamp\"":\""2026-08-03 22:18:39\"",\""speaker\"":\""tenant\"",\""content\"":\""您好，可以帮我详细介绍下该房源情况吗？\""},{\""timestamp\"":\""2026-08-03 22:18:54\"",\""speaker\"":\""agent\"",\""content\"":\""您好\""}]"", ""current_tenant_message"": ""{\""speaker\"":\""tenant\"",\""content\"":\""你好\"",\""timestamp\"":\""2026-08-03 22:18:58\""}""}",,,
"{""message_id"": ""CVOQ-9S9B-36Q7-KLUU"", ""business_type"": ""STANDARD_RENTAL"", ""listing_context"": ""{}"", ""conversation_history"": ""[{\""timestamp\"":\""2026-08-03 15:42:56\"",\""speaker\"":\""tenant\"",\""content\"":\""[{\\\""505001390\\\"":\\\""[房源]整租·宏嘉丽园·1室1厅 1室1厅1卫 76.02㎡  西南 8900元/月\\\""}]\""},{\""timestamp\"":\""2026-08-03 15:42:56\"",\""speaker\"":\""tenant\"",\""content\"":\""{\\\""title\\\"":\\\""用户通过租房详情-钻展进入聊天\\\""}\""},{\""timestamp\"":\""2026-08-03 15:42:56\"",\""speaker\"":\""tenant\"",\""content\"":\""您好，可以帮我详细介绍下该房源情况吗？\""},{\""timestamp\"":\""2026-08-03 15:43:01\"",\""speaker\"":\""agent\"",\""content\"":\""您好\""},{\""timestamp\"":\""2026-08-03 15:43:06\"",\""speaker\"":\""tenant\"",\""content\"":\""有实拍吗\""},{\""timestamp\"":\""2026-08-03 15:43:15\"",\""speaker\"":\""agent\"",\""content\"":\""有之前的的照片\""}]"", ""current_tenant_message"": ""{\""speaker\"":\""tenant\"",\""content\"":\""发一下\"",\""timestamp\"":\""2026-08-03 15:43:20\""}""}",,,
"{""message_id"": ""CVOR-V8CF-40S5-QLLK"", ""business_type"": ""MANAGED_RENTAL"", ""listing_context"": ""{}"", ""conversation_history"": ""[{\""timestamp\"":\""2026-08-03 12:52:07\"",\""speaker\"":\""tenant\"",\""content\"":\""[{\\\""912795750\\\"":\\\""[房源]整租·方圆金街商业中心·1室1厅 1室1厅1卫 • 40.17㎡ • 南 2150 元/月(季付价)\\\""}]\""},{\""timestamp\"":\""2026-08-03 12:52:07\"",\""speaker\"":\""tenant\"",\""content\"":\""您好，可以帮我详细介绍下该房源情况吗？\""},{\""timestamp\"":\""2026-08-03 12:52:08\"",\""speaker\"":\""tenant\"",\""content\"":\""{\\\""title\\\"":\\\""用户通过租房详情-钻展进入聊天\\\""}\""},{\""timestamp\"":\""2026-08-03 12:52:15\"",\""speaker\"":\""tenant\"",\""content\"":\""这个房还在吗？能看吗\""},{\""timestamp\"":\""2026-08-03 12:52:20\"",\""speaker\"":\""agent\"",\""content\"":\""您\""},{\""timestamp\"":\""2026-08-03 12:52:24\"",\""speaker\"":\""agent\"",\""content\"":\""您好\""},{\""timestamp\"":\""2026-08-03 12:52:28\"",\""speaker\"":\""agent\"",\""content\"":\""如果同意我帮您找房，可将您的联系方式发我，方便联系到您\""},{\""timestamp\"":\""2026-08-03 12:52:34\"",\""speaker\"":\""agent\"",\""content\"":\""还在的，可以看房\""},{\""timestamp\"":\""2026-08-03 12:52:42\"",\""speaker\"":\""agent\"",\""content\"":\""您什么时间方便看啊？😊\""},{\""timestamp\"":\""2026-08-03 12:52:50\"",\""speaker\"":\""agent\"",\""content\"":\""如果同意我帮您找房，可将您的联系方式发我，方便联系到您\""},{\""timestamp\"":\""2026-08-03 12:52:50\"",\""speaker\"":\""agent\"",\""content\"":\""如果同意我帮您找房，可将您的联系方式发我，方便联系到您\""},{\""timestamp\"":\""2026-08-03 12:54:18\"",\""speaker\"":\""tenant\"",\""content\"":\""客户手机号：13000000000(请谨慎使用，请勿将客户电话外泄!)\""},{\""timestamp\"":\""2026-08-03 12:54:27\"",\""speaker\"":\""agent\"",\""content\"":\""好的👌🏻\""},{\""timestamp\"":\""2026-08-03 12:58:15\"",\""speaker\"":\""agent\"",\""content\"":\""我加您了\""},{\""timestamp\"":\""2026-08-03 13:48:05\"",\""speaker\"":\""tenant\"",\""content\"":\""这套今天下午或晚上能看吗\""},{\""timestamp\"":\""2026-08-03 13:48:36\"",\""speaker\"":\""agent\"",\""content\"":\""可以的\""},{\""timestamp\"":\""2026-08-03 13:48:39\"",\""speaker\"":\""agent\"",\""content\"":\""晚上几点啊？\""},{\""timestamp\"":\""2026-08-03 13:50:01\"",\""speaker\"":\""tenant\"",\""content\"":\""一会我看看什么时候有空\""},{\""timestamp\"":\""2026-08-03 13:50:12\"",\""speaker\"":\""agent\"",\""content\"":\""好的👌🏻\""}]"", ""current_tenant_message"": ""{\""speaker\"":\""tenant\"",\""content\"":\""这套一会六七点能看吗\"",\""timestamp\"":\""2026-08-03 17:39:57\""}""}",,,
"{""message_id"": ""CVOO-3A34-JQS5-S0BE"", ""business_type"": ""MANAGED_RENTAL"", ""listing_context"": ""{}"", ""conversation_history"": ""[{\""timestamp\"":\""2026-08-03 13:08:55\"",\""speaker\"":\""tenant\"",\""content\"":\""[{\\\""35448062\\\"":\\\""[房源]整租·复兴门外大街11、13号楼 2室1厅1卫·58.6㎡·南北 6800元/月\\\""}]\""}]"", ""current_tenant_message"": ""{\""speaker\"":\""tenant\"",\""content\"":\""可以租三个月吗？可以适当加价\"",\""timestamp\"":\""2026-08-03 13:09:11\""}""}",,,
"{""message_id"": ""CVOT-649G-46S4-LJRH"", ""business_type"": ""STANDARD_RENTAL"", ""listing_context"": ""{}"", ""conversation_history"": ""[{\""timestamp\"":\""2026-07-29 14:49:38\"",\""speaker\"":\""tenant\"",\""content\"":\""你好\""},{\""timestamp\"":\""2026-07-29 14:49:55\"",\""speaker\"":\""tenant\"",\""content\"":\""挂甲寺你们负责吗\""},{\""timestamp\"":\""2026-07-29 14:50:56\"",\""speaker\"":\""agent\"",\""content\"":\""[自动回复]您好，感谢选择我来为您服务。很抱歉现在不能及时回复，我会尽快与您联系。或拨打我的电话4000616560,6887孙富恒\""},{\""timestamp\"":\""2026-07-29 15:09:25\"",\""speaker\"":\""agent\"",\""content\"":\""您好\""},{\""timestamp\"":\""2026-07-29 15:09:26\"",\""speaker\"":\""agent\"",\""content\"":\""负责\""},{\""timestamp\"":\""2026-07-29 15:20:17\"",\""speaker\"":\""tenant\"",\""content\"":\""云广新里我有一套房\""},{\""timestamp\"":\""2026-07-29 15:20:24\"",\""speaker\"":\""tenant\"",\""content\"":\""今天晚上到期\""},{\""timestamp\"":\""2026-07-29 15:20:37\"",\""speaker\"":\""tenant\"",\""content\"":\""你如果方便给推推\""},{\""timestamp\"":\""2026-07-29 15:21:06\"",\""speaker\"":\""tenant\"",\""content\"":\""澧新里是八月份到期，上次就是你给推的\""},{\""timestamp\"":\""2026-07-29 15:21:49\"",\""speaker\"":\""agent\"",\""content\"":\""13000000000给我发个微信您\""},{\""timestamp\"":\""2026-07-29 15:24:45\"",\""speaker\"":\""tenant\"",\""content\"":\""发了\""},{\""timestamp\"":\""2026-08-01 16:21:14\"",\""speaker\"":\""tenant\"",\""content\"":\""帮我调成1800吧\""},{\""timestamp\"":\""2026-08-01 16:21:52\"",\""speaker\"":\""agent\"",\""content\"":\""云广新里我不能调价\""},{\""timestamp\"":\""2026-08-01 16:22:17\"",\""speaker\"":\""agent\"",\""content\"":\""您联系维护人需要\""},{\""timestamp\"":\""2026-08-01 16:22:34\"",\""speaker\"":\""tenant\"",\""content\"":\""我的联系人不怎么说话\""},{\""timestamp\"":\""2026-08-01 16:22:44\"",\""speaker\"":\""tenant\"",\""content\"":\""能换成你吗\""},{\""timestamp\"":\""2026-08-01 16:24:11\"",\""speaker\"":\""agent\"",\""content\"":\""换不了我\""},{\""timestamp\"":\""2026-08-01 16:24:20\"",\""speaker\"":\""agent\"",\""content\"":\""不是一个区域的\""},{\""timestamp\"":\""2026-08-01 16:24:29\"",\""speaker\"":\""tenant\"",\""content\"":\""澧新里是你的区域吗\""},{\""timestamp\"":\""2026-08-01 16:39:52\"",\""speaker\"":\""agent\"",\""content\"":\""现在不是了\""},{\""timestamp\"":\""2026-08-01 16:39:54\"",\""speaker\"":\""agent\"",\""content\"":\""之前是\""}]"", ""current_tenant_message"": ""{\""speaker\"":\""tenant\"",\""content\"":\""好的\"",\""timestamp\"":\""2026-08-03 19:04:52\""}""}",,,
"{""message_id"": ""CVON-6EO8-M6G7-1MRB"", ""business_type"": ""STANDARD_RENTAL"", ""listing_context"": ""{}"", ""conversation_history"": ""[{\""timestamp\"":\""2026-07-21 08:36:34\"",\""speaker\"":\""tenant\"",\""content\"":\""挂出来多久了？\""},{\""timestamp\"":\""2026-07-21 08:36:45\"",\""speaker\"":\""agent\"",\""content\"":\""我看看哈\""},{\""timestamp\"":\""2026-07-21 08:36:47\"",\""speaker\"":\""agent\"",\""content\"":\""没多久\""},{\""timestamp\"":\""2026-07-21 08:36:53\"",\""speaker\"":\""agent\"",\""content\"":\""所以现在图片还没拍\""},{\""timestamp\"":\""2026-07-21 08:37:07\"",\""speaker\"":\""tenant\"",\""content\"":\""我这边显示有图片\""},{\""timestamp\"":\""2026-07-21 08:37:28\"",\""speaker\"":\""agent\"",\""content\"":\""之前的图片\""},{\""timestamp\"":\""2026-07-21 08:37:35\"",\""speaker\"":\""agent\"",\""content\"":\""如果同意我帮您找房，可将您的联系方式发我，方便联系到您\""},{\""timestamp\"":\""2026-07-21 08:37:45\"",\""speaker\"":\""agent\"",\""content\"":\""有需要可以留个联系方式\""},{\""timestamp\"":\""2026-07-21 08:37:53\"",\""speaker\"":\""tenant\"",\""content\"":\""你微信发我，我看看现在的图片吧\""},{\""timestamp\"":\""2026-07-21 08:39:22\"",\""speaker\"":\""agent\"",\""content\"":\""嗯嗯好的\""},{\""timestamp\"":\""2026-07-21 08:39:24\"",\""speaker\"":\""agent\"",\""content\"":\""您微信/手机号多少，我加您\""},{\""timestamp\"":\""2026-07-21 08:39:34\"",\""speaker\"":\""agent\"",\""content\"":\""您留个电话哈\""},{\""timestamp\"":\""2026-07-21 08:40:59\"",\""speaker\"":\""tenant\"",\""content\"":\""13000000000\""},{\""timestamp\"":\""2026-07-21 08:41:08\"",\""speaker\"":\""agent\"",\""content\"":\""好的\""},{\""timestamp\"":\""2026-07-21 08:41:15\"",\""speaker\"":\""agent\"",\""content\"":\""我加您微信哈\""},{\""timestamp\"":\""2026-07-21 08:41:32\"",\""speaker\"":\""agent\"",\""content\"":\""搜不到微信哦\""},{\""timestamp\"":\""2026-07-21 08:42:17\"",\""speaker\"":\""tenant\"",\""content\"":\""再试一下\""},{\""timestamp\"":\""2026-07-21 08:42:22\"",\""speaker\"":\""agent\"",\""content\"":\""好的\""}]"", ""current_tenant_message"": ""{\""speaker\"":\""tenant\"",\""content\"":\""您好，可以帮我详细介绍下该房源情况吗？\"",\""timestamp\"":\""2026-08-03 12:06:09\""}""}",,,
"{""message_id"": ""CVON-4KVO-KFE7-O8RI"", ""business_type"": ""STANDARD_RENTAL"", ""listing_context"": ""{}"", ""conversation_history"": ""[{\""timestamp\"":\""2026-08-03 11:56:31\"",\""speaker\"":\""tenant\"",\""content\"":\""那只有这个小区两套空房了吗\""},{\""timestamp\"":\""2026-08-03 11:56:46\"",\""speaker\"":\""tenant\"",\""content\"":\""4200那个有车位吗\""},{\""timestamp\"":\""2026-08-03 11:56:51\"",\""speaker\"":\""agent\"",\""content\"":\""目前是这样\""},{\""timestamp\"":\""2026-08-03 11:57:00\"",\""speaker\"":\""agent\"",\""content\"":\""以后可能也会有\""},{\""timestamp\"":\""2026-08-03 11:57:10\"",\""speaker\"":\""agent\"",\""content\"":\""没车位\""},{\""timestamp\"":\""2026-08-03 11:57:20\"",\""speaker\"":\""tenant\"",\""content\"":\""是最近吗\""},{\""timestamp\"":\""2026-08-03 11:57:33\"",\""speaker\"":\""tenant\"",\""content\"":\""车位这个小区是租吗\""},{\""timestamp\"":\""2026-08-03 11:57:45\"",\""speaker\"":\""tenant\"",\""content\"":\""可以租到吗\""},{\""timestamp\"":\""2026-08-03 11:57:56\"",\""speaker\"":\""agent\"",\""content\"":\""您得去问物业\""},{\""timestamp\"":\""2026-08-03 11:58:10\"",\""speaker\"":\""tenant\"",\""content\"":\""租金多少每月\""},{\""timestamp\"":\""2026-08-03 11:58:19\"",\""speaker\"":\""agent\"",\""content\"":\""500左右\""},{\""timestamp\"":\""2026-08-03 11:58:42\"",\""speaker\"":\""tenant\"",\""content\"":\""这附近还有别的停车的地方吗\""},{\""timestamp\"":\""2026-08-03 11:58:50\"",\""speaker\"":\""tenant\"",\""content\"":\""这个什么时候可以看房？\""},{\""timestamp\"":\""2026-08-03 11:58:54\"",\""speaker\"":\""agent\"",\""content\"":\""门口划线的\""},{\""timestamp\"":\""2026-08-03 11:59:08\"",\""speaker\"":\""agent\"",\""content\"":\""都有车位，不固定\""},{\""timestamp\"":\""2026-08-03 11:59:16\"",\""speaker\"":\""tenant\"",\""content\"":\""划线怎么收费知道吗\""},{\""timestamp\"":\""2026-08-03 11:59:21\"",\""speaker\"":\""tenant\"",\""content\"":\""好停车吗\""},{\""timestamp\"":\""2026-08-03 12:00:17\"",\""speaker\"":\""agent\"",\""content\"":\""平时看的也都挺满的，\""}]"", ""current_tenant_message"": ""{\""speaker\"":\""tenant\"",\""content\"":\""你给我发的两套都可以看吗\"",\""timestamp\"":\""2026-08-03 12:02:12\""}""}",,,
"{""message_id"": ""CVOD-5IF4-H0S6-0LON"", ""business_type"": ""STANDARD_RENTAL"", ""listing_context"": ""{}"", ""conversation_history"": ""[{\""timestamp\"":\""2026-08-03 00:24:40\"",\""speaker\"":\""tenant\"",\""content\"":\""[{\\\""826156466\\\"":\\\""[房源]整租·前进小区·2室1厅 2室1厅1卫  70㎡  南 5500元/月(季付价)\\\""}]\""},{\""timestamp\"":\""2026-08-03 00:24:40\"",\""speaker\"":\""tenant\"",\""content\"":\""您好，可以帮我详细介绍下该房源情况吗？\""},{\""timestamp\"":\""2026-08-03 00:24:51\"",\""speaker\"":\""agent\"",\""content\"":\""你好\""},{\""timestamp\"":\""2026-08-03 00:24:57\"",\""speaker\"":\""agent\"",\""content\"":\""您想了解些什么\""}]"", ""current_tenant_message"": ""{\""speaker\"":\""tenant\"",\""content\"":\""有照片吗\"",\""timestamp\"":\""2026-08-03 00:25:10\""}""}",,,
"{""message_id"": ""CVON-KI7A-8BU4-PTMP"", ""business_type"": ""STANDARD_RENTAL"", ""listing_context"": ""{}"", ""conversation_history"": ""[{\""timestamp\"":\""2026-08-03 12:36:58\"",\""speaker\"":\""tenant\"",\""content\"":\""[{\\\""819974843\\\"":\\\""[房源]整租·荣强里·1室1厅 1室1厅1卫 46.51㎡  南 1600元/月\\\""}]\""}]"", ""current_tenant_message"": ""{\""speaker\"":\""tenant\"",\""content\"":\""您好，可以帮我详细介绍下该房源情况吗？\"",\""timestamp\"":\""2026-08-03 12:36:58\""}""}",,,
"{""message_id"": ""CVOO-D1RO-QNA6-5341"", ""business_type"": ""MANAGED_RENTAL"", ""listing_context"": ""{}"", ""conversation_history"": ""[{\""timestamp\"":\""2026-08-01 06:22:56\"",\""speaker\"":\""tenant\"",\""content\"":\""[{\\\""913972096\\\"":\\\""[房源]整租·碧水澜天华庭·2室1厅 2室1厅1卫 • 82.34㎡ • 南 1500 元/月(季付价)\\\""}]\""},{\""timestamp\"":\""2026-08-01 06:22:56\"",\""speaker\"":\""tenant\"",\""content\"":\""{\\\""title\\\"":\\\""用户通过租房详情-钻展进入聊天\\\""}\""},{\""timestamp\"":\""2026-08-01 06:22:56\"",\""speaker\"":\""tenant\"",\""content\"":\""您好，可以帮我详细介绍下该房源情况吗？\""},{\""timestamp\"":\""2026-08-01 06:23:08\"",\""speaker\"":\""tenant\"",\""content\"":\""房子还在吗\""},{\""timestamp\"":\""2026-08-01 06:23:30\"",\""speaker\"":\""agent\"",\""content\"":\""在的\""},{\""timestamp\"":\""2026-08-01 11:12:24\"",\""speaker\"":\""tenant\"",\""content\"":\""价格是真实的吗\""},{\""timestamp\"":\""2026-08-01 11:13:24\"",\""speaker\"":\""agent\"",\""content\"":\""[自动回复]您好，感谢选择我来为您服务。很抱歉现在不能及时回复，我会尽快与您联系。或拨打我的电话4008891327,4241赵中义\""},{\""timestamp\"":\""2026-08-01 11:38:06\"",\""speaker\"":\""agent\"",\""content\"":\""是的\""},{\""timestamp\"":\""2026-08-02 11:09:36\"",\""speaker\"":\""agent\"",\""content\"":\""[{\\\""912455666\\\"":\\\""[房源]整租·良渚·未来城一期·3居室 3室2厅1卫 南 3850元\\\""}]\""}]"", ""current_tenant_message"": ""{\""speaker\"":\""tenant\"",\""content\"":\""您好，可以帮我详细介绍下该房源情况吗？\"",\""timestamp\"":\""2026-08-03 13:30:28\""}""}",,,
"{""message_id"": ""CVOR-FCLF-7NS7-KICQ"", ""business_type"": ""STANDARD_RENTAL"", ""listing_context"": ""{}"", ""conversation_history"": ""[{\""timestamp\"":\""2026-08-03 17:03:31\"",\""speaker\"":\""tenant\"",\""content\"":\""[{\\\""46165171\\\"":\\\""[房源]整租·新苏苑二区·1室0厅 1室0卫 • 106㎡ • 南 950 元/月(月付价)\\\""}]\""},{\""timestamp\"":\""2026-08-03 17:03:31\"",\""speaker\"":\""tenant\"",\""content\"":\""{\\\""title\\\"":\\\""用户通过租房详情-信息咨询进入聊天\\\""}\""},{\""timestamp\"":\""2026-08-03 17:03:31\"",\""speaker\"":\""tenant\"",\""content\"":\""请问这套房子有更多照片吗？\""},{\""timestamp\"":\""2026-08-03 17:03:32\"",\""speaker\"":\""tenant\"",\""content\"":\""{\\\""title\\\"":\\\""用户通过租房详情-钻展进入聊天\\\""}\""},{\""timestamp\"":\""2026-08-03 17:03:46\"",\""speaker\"":\""agent\"",\""content\"":\""你好\""},{\""timestamp\"":\""2026-08-03 17:03:57\"",\""speaker\"":\""tenant\"",\""content\"":\""有图片吗\""},{\""timestamp\"":\""2026-08-03 17:04:26\"",\""speaker\"":\""agent\"",\""content\"":\""这套还没去拍\""},{\""timestamp\"":\""2026-08-03 17:04:42\"",\""speaker\"":\""agent\"",\""content\"":\""这个是一个单间\""},{\""timestamp\"":\""2026-08-03 17:04:46\"",\""speaker\"":\""agent\"",\""content\"":\""要找附近的房子吗\""}]"", ""current_tenant_message"": ""{\""speaker\"":\""tenant\"",\""content\"":\""板泾地铁口那边的\"",\""timestamp\"":\""2026-08-03 17:05:17\""}""}",,,
"{""message_id"": ""CVOL-O3AM-7S47-33NM"", ""business_type"": ""STANDARD_RENTAL"", ""listing_context"": ""{}"", ""conversation_history"": ""[{\""timestamp\"":\""2026-08-03 10:24:29\"",\""speaker\"":\""tenant\"",\""content\"":\""[{\\\""826156237\\\"":\\\""[房源]整租·凤城三村·1室0厅 1室1卫 · 34㎡ · 南 3000元/月(季付价)\\\""}]\""},{\""timestamp\"":\""2026-08-03 10:24:29\"",\""speaker\"":\""tenant\"",\""content\"":\""{\\\""title\\\"":\\\""用户通过租房详情-钻展进入聊天\\\""}\""},{\""timestamp\"":\""2026-08-03 10:24:29\"",\""speaker\"":\""tenant\"",\""content\"":\""您好，可以帮我详细介绍下该房源情况吗？\""},{\""timestamp\"":\""2026-08-03 10:24:37\"",\""speaker\"":\""agent\"",\""content\"":\""你好\""},{\""timestamp\"":\""2026-08-03 10:24:52\"",\""speaker\"":\""agent\"",\""content\"":\""还在的\""}]"", ""current_tenant_message"": ""{\""speaker\"":\""tenant\"",\""content\"":\""押一付一可以吗\"",\""timestamp\"":\""2026-08-03 10:24:53\""}""}",,,
"{""message_id"": ""CVOV-22Q1-VH86-OD6I"", ""business_type"": ""STANDARD_RENTAL"", ""listing_context"": ""{}"", ""conversation_history"": ""[{\""timestamp\"":\""2026-08-03 21:15:02\"",\""speaker\"":\""tenant\"",\""content\"":\""[{\\\""819795843\\\"":\\\""[房源]整租·园丁公寓·1室1厅 1室1厅1卫 · 85.46㎡ · 南 1100元/月(季付价)\\\""}]\""},{\""timestamp\"":\""2026-08-03 21:15:02\"",\""speaker\"":\""tenant\"",\""content\"":\""{\\\""title\\\"":\\\""用户通过租房详情-钻展进入聊天\\\""}\""},{\""timestamp\"":\""2026-08-03 21:15:02\"",\""speaker\"":\""tenant\"",\""content\"":\""您好，可以帮我详细介绍下该房源情况吗？\""},{\""timestamp\"":\""2026-08-03 21:15:07\"",\""speaker\"":\""tenant\"",\""content\"":\""这是实拍吗\""},{\""timestamp\"":\""2026-08-03 21:15:22\"",\""speaker\"":\""agent\"",\""content\"":\""是的\""}]"", ""current_tenant_message"": ""{\""speaker\"":\""tenant\"",\""content\"":\""几楼啊\"",\""timestamp\"":\""2026-08-03 21:15:50\""}""}",,,
"{""message_id"": ""CVOT-B6FH-RBK4-6SRB"", ""business_type"": ""MANAGED_RENTAL"", ""listing_context"": ""{}"", ""conversation_history"": ""[]"", ""current_tenant_message"": ""{\""speaker\"":\""tenant\"",\""content\"":\""您好，可以帮我详细介绍下该房源情况吗？\"",\""timestamp\"":\""2026-08-03 19:15:56\""}""}",,,
"{""message_id"": ""CVOL-7RPN-J4Q7-C9Q4"", ""business_type"": ""MANAGED_RENTAL"", ""listing_context"": ""{}"", ""conversation_history"": ""[{\""timestamp\"":\""2026-08-03 09:20:08\"",\""speaker\"":\""tenant\"",\""content\"":\""[{\\\""1000604492\\\"":\\\""[房源]整租·北京新天地五期 2室2厅1卫·90.04㎡·南 5800元/月\\\""}]\""},{\""timestamp\"":\""2026-08-03 09:20:21\"",\""speaker\"":\""tenant\"",\""content\"":\""有没有近期能住的\""},{\""timestamp\"":\""2026-08-03 09:20:26\"",\""speaker\"":\""agent\"",\""content\"":\""有呀\""},{\""timestamp\"":\""2026-08-03 09:20:26\"",\""speaker\"":\""tenant\"",\""content\"":\""[img]\""},{\""timestamp\"":\""2026-08-03 09:20:28\"",\""speaker\"":\""agent\"",\""content\"":\""我发给你\""},{\""timestamp\"":\""2026-08-03 09:20:36\"",\""speaker\"":\""tenant\"",\""content\"":\""离医院近的\""},{\""timestamp\"":\""2026-08-03 09:20:37\"",\""speaker\"":\""agent\"",\""content\"":\""如果同意我帮您找房，可将您的联系方式发我，方便联系到您\""},{\""timestamp\"":\""2026-08-03 09:20:40\"",\""speaker\"":\""agent\"",\""content\"":\""明白\""},{\""timestamp\"":\""2026-08-03 09:21:00\"",\""speaker\"":\""tenant\"",\""content\"":\""2室的\""},{\""timestamp\"":\""2026-08-03 09:21:21\"",\""speaker\"":\""agent\"",\""content\"":\""好的\""},{\""timestamp\"":\""2026-08-03 09:21:25\"",\""speaker\"":\""agent\"",\""content\"":\""我加您微信发给你\""},{\""timestamp\"":\""2026-08-03 09:21:30\"",\""speaker\"":\""tenant\"",\""content\"":\""好的\""},{\""timestamp\"":\""2026-08-03 09:21:41\"",\""speaker\"":\""agent\"",\""content\"":\""嗯好\""},{\""timestamp\"":\""2026-08-03 09:47:10\"",\""speaker\"":\""tenant\"",\""content\"":\""怎么➕\""},{\""timestamp\"":\""2026-08-03 09:47:19\"",\""speaker\"":\""agent\"",\""content\"":\""你电话多少\""}]"", ""current_tenant_message"": ""{\""speaker\"":\""tenant\"",\""content\"":\""13000000000\"",\""timestamp\"":\""2026-08-03 09:49:25\""}""}",,,
"{""message_id"": ""CVP1-9EKB-6BO4-CTQU"", ""business_type"": ""MANAGED_RENTAL"", ""listing_context"": ""{}"", ""conversation_history"": ""[{\""timestamp\"":\""2026-08-03 23:43:46\"",\""speaker\"":\""tenant\"",\""content\"":\""有大面积的您给推荐一下也可以\""},{\""timestamp\"":\""2026-08-03 23:43:56\"",\""speaker\"":\""tenant\"",\""content\"":\""四惠附近没问题\""},{\""timestamp\"":\""2026-08-03 23:44:05\"",\""speaker\"":\""agent\"",\""content\"":\""价位控制在多少钱呢？\""},{\""timestamp\"":\""2026-08-03 23:44:13\"",\""speaker\"":\""tenant\"",\""content\"":\""2000以内吧\""},{\""timestamp\"":\""2026-08-03 23:44:42\"",\""speaker\"":\""agent\"",\""content\"":\""2300\""},{\""timestamp\"":\""2026-08-03 23:44:50\"",\""speaker\"":\""agent\"",\""content\"":\""多的\""},{\""timestamp\"":\""2026-08-03 23:44:57\"",\""speaker\"":\""agent\"",\""content\"":\""2600多的\""},{\""timestamp\"":\""2026-08-03 23:45:02\"",\""speaker\"":\""agent\"",\""content\"":\""可以吗\""},{\""timestamp\"":\""2026-08-03 23:45:11\"",\""speaker\"":\""tenant\"",\""content\"":\""离地铁近吗？2300可以\""},{\""timestamp\"":\""2026-08-03 23:46:08\"",\""speaker\"":\""agent\"",\""content\"":\""[{\\\""90355966\\\"":\\\""[房源]四惠·通惠家园惠民园·高楼层·3居室·次卧2 3室1厅1卫 东 2280元\\\""},{\\\""90355965\\\"":\\\""[房源]四惠·通惠家园惠民园·高楼层·3居室·主卧 3室1厅1卫 东 2680元\\\""}]\""},{\""timestamp\"":\""2026-08-03 23:49:28\"",\""speaker\"":\""tenant\"",\""content\"":\""[{\\\""1000618117\\\"":\\\""[房源]合租·通惠家园惠生园 5室1厅2卫·25㎡·南 1109元/月\\\""}]\""},{\""timestamp\"":\""2026-08-03 23:50:00\"",\""speaker\"":\""agent\"",\""content\"":\""1109这套没有\""},{\""timestamp\"":\""2026-08-03 23:50:09\"",\""speaker\"":\""agent\"",\""content\"":\""拆除了\""},{\""timestamp\"":\""2026-08-03 23:50:24\"",\""speaker\"":\""agent\"",\""content\"":\""如果同意我帮您找房，可将您的联系方式发我，方便联系到您\""},{\""timestamp\"":\""2026-08-03 23:50:55\"",\""speaker\"":\""tenant\"",\""content\"":\""好的👌\""},{\""timestamp\"":\""2026-08-03 23:51:06\"",\""speaker\"":\""tenant\"",\""content\"":\""2000左右的20平左右的还有嘛？\""},{\""timestamp\"":\""2026-08-03 23:51:16\"",\""speaker\"":\""agent\"",\""content\"":\""没有了\""},{\""timestamp\"":\""2026-08-03 23:51:36\"",\""speaker\"":\""tenant\"",\""content\"":\""好的，我考虑一下2600那个\""}]"", ""current_tenant_message"": ""{\""speaker\"":\""tenant\"",\""content\"":\""如果去看房，明天联系您\"",\""timestamp\"":\""2026-08-03 23:51:44\""}""}",,,
"{""message_id"": ""CVOL-SRDN-MR44-K4IH"", ""business_type"": ""STANDARD_RENTAL"", ""listing_context"": ""{}"", ""conversation_history"": ""[{\""timestamp\"":\""2026-08-03 10:33:39\"",\""speaker\"":\""tenant\"",\""content\"":\""[{\\\""914023334\\\"":\\\""[房源]整租·云滨湾·3室1厅 3室1厅1卫  89㎡  南 3600元/月(季付价)\\\""}]\""},{\""timestamp\"":\""2026-08-03 10:33:39\"",\""speaker\"":\""tenant\"",\""content\"":\""{\\\""title\\\"":\\\""用户通过租房详情-钻展进入聊天\\\""}\""},{\""timestamp\"":\""2026-08-03 10:33:39\"",\""speaker\"":\""tenant\"",\""content\"":\""您好，可以帮我详细介绍下该房源情况吗？\""},{\""timestamp\"":\""2026-08-03 10:33:55\"",\""speaker\"":\""agent\"",\""content\"":\""您好\""},{\""timestamp\"":\""2026-08-03 10:33:56\"",\""speaker\"":\""tenant\"",\""content\"":\""你好这个房子能看房吗\""},{\""timestamp\"":\""2026-08-03 10:34:08\"",\""speaker\"":\""tenant\"",\""content\"":\""房子还在吗\""},{\""timestamp\"":\""2026-08-03 10:34:19\"",\""speaker\"":\""agent\"",\""content\"":\""租客暂时还没搬走\""},{\""timestamp\"":\""2026-08-03 10:34:26\"",\""speaker\"":\""tenant\"",\""content\"":\""什么时候到期\""},{\""timestamp\"":\""2026-08-03 10:35:00\"",\""speaker\"":\""agent\"",\""content\"":\""月底\""}]"", ""current_tenant_message"": ""{\""speaker\"":\""tenant\"",\""content\"":\""房子有图片吗\"",\""timestamp\"":\""2026-08-03 10:35:16\""}""}",,,
"{""message_id"": ""CVOP-AKBT-QOA7-G7JU"", ""business_type"": ""MANAGED_RENTAL"", ""listing_context"": ""{}"", ""conversation_history"": ""[{\""timestamp\"":\""2026-08-03 14:35:05\"",\""speaker\"":\""tenant\"",\""content\"":\""[{\\\""90326391\\\"":\\\""[房源]整租·展春园小区·1室1厅 1室1厅1卫 • 41.6㎡ • 南 5520 元/月(月付价)\\\""}]\""}]"", ""current_tenant_message"": ""{\""speaker\"":\""tenant\"",\""content\"":\""您好，想了解房间隔音效果好吗？\"",\""timestamp\"":\""2026-08-03 14:35:05\""}""}",,,
"{""message_id"": ""CVOS-O2NO-JF07-824F"", ""business_type"": ""STANDARD_RENTAL"", ""listing_context"": ""{}"", ""conversation_history"": ""[{\""timestamp\"":\""2026-08-03 18:18:38\"",\""speaker\"":\""tenant\"",\""content\"":\""[{\\\""505010076\\\"":\\\""[房源]整租·上北鑫座·1室0厅 1房间1卫 · 46㎡ · 南 3900元/月(季付价)\\\""}]\""},{\""timestamp\"":\""2026-08-03 18:18:38\"",\""speaker\"":\""tenant\"",\""content\"":\""{\\\""title\\\"":\\\""用户通过租房详情-钻展进入聊天\\\""}\""},{\""timestamp\"":\""2026-08-03 18:18:38\"",\""speaker\"":\""tenant\"",\""content\"":\""您好，可以帮我详细介绍下该房源情况吗？\""},{\""timestamp\"":\""2026-08-03 18:18:42\"",\""speaker\"":\""agent\"",\""content\"":\""您好\""},{\""timestamp\"":\""2026-08-03 18:18:42\"",\""speaker\"":\""tenant\"",\""content\"":\""这个有图片吗\""},{\""timestamp\"":\""2026-08-03 18:18:47\"",\""speaker\"":\""agent\"",\""content\"":\""有的\""},{\""timestamp\"":\""2026-08-03 18:18:53\"",\""speaker\"":\""agent\"",\""content\"":\""方便加个微信吗\""},{\""timestamp\"":\""2026-08-03 18:18:54\"",\""speaker\"":\""agent\"",\""content\"":\""如果同意我帮您找房，可将您的联系方式发我，方便联系到您\""},{\""timestamp\"":\""2026-08-03 18:19:09\"",\""speaker\"":\""agent\"",\""content\"":\""还有一个3600的南向的马上到期了\""}]"", ""current_tenant_message"": ""{\""speaker\"":\""tenant\"",\""content\"":\""675655404\"",\""timestamp\"":\""2026-08-03 18:34:10\""}""}",,,
"{""message_id"": ""CVOT-RPSO-J946-SQPQ"", ""business_type"": ""STANDARD_RENTAL"", ""listing_context"": ""{}"", ""conversation_history"": ""[]"", ""current_tenant_message"": ""{\""speaker\"":\""tenant\"",\""content\"":\""你好，我想租朝阳公园、红庙、甜水园的房子。\"",\""timestamp\"":\""2026-08-03 19:52:13\""}""}",,,
"{""message_id"": ""CVOK-HESN-0924-VBJG"", ""business_type"": ""STANDARD_RENTAL"", ""listing_context"": ""{}"", ""conversation_history"": ""[{\""timestamp\"":\""2026-08-03 08:59:48\"",\""speaker\"":\""tenant\"",\""content\"":\""[{\\\""826091625\\\"":\\\""[房源]整租·城市经典二期-铭筑·1室1厅 1室1厅1卫 • 48㎡ • 南 4500 元/月(月付价)\\\""}]\""},{\""timestamp\"":\""2026-08-03 08:59:48\"",\""speaker\"":\""tenant\"",\""content\"":\""{\\\""title\\\"":\\\""用户通过租房详情-钻展进入聊天\\\""}\""},{\""timestamp\"":\""2026-08-03 08:59:48\"",\""speaker\"":\""tenant\"",\""content\"":\""您好，可以帮我详细介绍下该房源情况吗？\""},{\""timestamp\"":\""2026-08-03 08:59:54\"",\""speaker\"":\""tenant\"",\""content\"":\""这个几楼\""},{\""timestamp\"":\""2026-08-03 09:00:14\"",\""speaker\"":\""agent\"",\""content\"":\""租掉了\""}]"", ""current_tenant_message"": ""{\""speaker\"":\""tenant\"",\""content\"":\""您好，可以帮我详细介绍下该房源情况吗？\"",\""timestamp\"":\""2026-08-03 09:00:28\""}""}",,,
"{""message_id"": ""CVOM-DC09-5LE6-MBKB"", ""business_type"": ""STANDARD_RENTAL"", ""listing_context"": ""{}"", ""conversation_history"": ""[{\""timestamp\"":\""2026-08-03 11:06:58\"",\""speaker\"":\""tenant\"",\""content\"":\""装修好吗，谢谢您啊。\""},{\""timestamp\"":\""2026-08-03 11:07:19\"",\""speaker\"":\""agent\"",\""content\"":\""装修中等\""},{\""timestamp\"":\""2026-08-03 11:07:32\"",\""speaker\"":\""tenant\"",\""content\"":\""几号楼的啊。\""},{\""timestamp\"":\""2026-08-03 11:07:39\"",\""speaker\"":\""agent\"",\""content\"":\""房子在5号楼\""},{\""timestamp\"":\""2026-08-03 11:07:59\"",\""speaker\"":\""tenant\"",\""content\"":\""您有照片吗，发一下我看一下，谢谢您啊。\""},{\""timestamp\"":\""2026-08-03 11:08:11\"",\""speaker\"":\""agent\"",\""content\"":\""稍等\""},{\""timestamp\"":\""2026-08-03 11:08:17\"",\""speaker\"":\""tenant\"",\""content\"":\""您有照片吗，发一下，我看一下，谢谢您啊。\""},{\""timestamp\"":\""2026-08-03 11:08:23\"",\""speaker\"":\""agent\"",\""content\"":\""我找一下以前的照片\""},{\""timestamp\"":\""2026-08-03 11:08:37\"",\""speaker\"":\""tenant\"",\""content\"":\""好的，谢谢您啊。\""},{\""timestamp\"":\""2026-08-03 11:08:41\"",\""speaker\"":\""agent\"",\""content\"":\""客气\""},{\""timestamp\"":\""2026-08-03 11:10:31\"",\""speaker\"":\""agent\"",\""content\"":\""[img]\""},{\""timestamp\"":\""2026-08-03 11:10:31\"",\""speaker\"":\""agent\"",\""content\"":\""[img]\""},{\""timestamp\"":\""2026-08-03 11:10:31\"",\""speaker\"":\""agent\"",\""content\"":\""[img]\""},{\""timestamp\"":\""2026-08-03 11:10:31\"",\""speaker\"":\""agent\"",\""content\"":\""[img]\""},{\""timestamp\"":\""2026-08-03 11:10:40\"",\""speaker\"":\""agent\"",\""content\"":\""2020年的照片\""}]"", ""current_tenant_message"": ""{\""speaker\"":\""tenant\"",\""content\"":\""后来新装修了吗，谢谢您啊。\"",\""timestamp\"":\""2026-08-03 11:11:21\""}""}",,,
"{""message_id"": ""CVOR-IVEC-I507-PHOL"", ""business_type"": ""STANDARD_RENTAL"", ""listing_context"": ""{}"", ""conversation_history"": ""[]"", ""current_tenant_message"": ""{\""speaker\"":\""tenant\"",\""content\"":\""您好，可以帮我详细介绍下该房源情况吗？\"",\""timestamp\"":\""2026-08-03 17:13:07\""}""}",,,
"{""message_id"": ""CVOP-9JT0-RF05-K4EG"", ""business_type"": ""STANDARD_RENTAL"", ""listing_context"": ""{}"", ""conversation_history"": ""[{\""timestamp\"":\""2026-08-03 13:40:48\"",\""speaker\"":\""tenant\"",\""content\"":\""那算了吧\""},{\""timestamp\"":\""2026-08-03 13:41:00\"",\""speaker\"":\""agent\"",\""content\"":\""那我截几张图给您看看吧\""},{\""timestamp\"":\""2026-08-03 13:41:08\"",\""speaker\"":\""tenant\"",\""content\"":\""其实合租的话感觉还是贵了一些\""},{\""timestamp\"":\""2026-08-03 13:41:12\"",\""speaker\"":\""agent\"",\""content\"":\""如果同意我帮您找房，可将您的联系方式发我，方便联系到您\""},{\""timestamp\"":\""2026-08-03 13:41:23\"",\""speaker\"":\""agent\"",\""content\"":\""请问您预期价位是什么样的，我给您多找几套合适的房源看看\""},{\""timestamp\"":\""2026-08-03 13:41:50\"",\""speaker\"":\""tenant\"",\""content\"":\""没关系，我再逛逛吧\""},{\""timestamp\"":\""2026-08-03 13:41:53\"",\""speaker\"":\""tenant\"",\""content\"":\""谢谢\""},{\""timestamp\"":\""2026-08-03 13:42:09\"",\""speaker\"":\""agent\"",\""content\"":\""海淀路小区的一居您考虑吗\""},{\""timestamp\"":\""2026-08-03 13:42:14\"",\""speaker\"":\""agent\"",\""content\"":\""距离北大南门近\""},{\""timestamp\"":\""2026-08-03 13:44:10\"",\""speaker\"":\""tenant\"",\""content\"":\""有链接吗\""},{\""timestamp\"":\""2026-08-03 13:45:05\"",\""speaker\"":\""agent\"",\""content\"":\""[{\\\""90256035\\\"":\\\""[房源]圆明园·海淀路小区·中楼层·1居室 1室1厅1卫 南 6136元\\\""},{\\\""90146553\\\"":\\\""[房源]圆明园·海淀路小区·中楼层·2居室 2室1厅1卫 南北 8075元\\\""}]\""},{\""timestamp\"":\""2026-08-03 13:45:38\"",\""speaker\"":\""agent\"",\""content\"":\""马路对面就是北大南门，很近\""},{\""timestamp\"":\""2026-08-03 13:46:02\"",\""speaker\"":\""agent\"",\""content\"":\""便宜一点的具体稍晚远点，通勤时间您能接受多久\""},{\""timestamp\"":\""2026-08-03 13:46:16\"",\""speaker\"":\""agent\"",\""content\"":\""便宜一点的距离稍晚远点，通勤时间您能接受多久\""},{\""timestamp\"":\""2026-08-03 13:46:17\"",\""speaker\"":\""tenant\"",\""content\"":\""这个有点贵了\""},{\""timestamp\"":\""2026-08-03 13:48:23\"",\""speaker\"":\""agent\"",\""content\"":\""[img]\""},{\""timestamp\"":\""2026-08-03 13:48:23\"",\""speaker\"":\""agent\"",\""content\"":\""[img]\""},{\""timestamp\"":\""2026-08-03 13:48:23\"",\""speaker\"":\""agent\"",\""content\"":\""[img]\""},{\""timestamp\"":\""2026-08-03 13:48:33\"",\""speaker\"":\""agent\"",\""content\"":\""这套是都市网景小区\""},{\""timestamp\"":\""2026-08-03 13:48:41\"",\""speaker\"":\""agent\"",\""content\"":\""可以再放一张床，两个人住\""},{\""timestamp\"":\""2026-08-03 13:48:45\"",\""speaker\"":\""agent\"",\""content\"":\""也是独卫\""},{\""timestamp\"":\""2026-08-03 13:48:51\"",\""speaker\"":\""agent\"",\""content\"":\""3230一个月\""},{\""timestamp\"":\""2026-08-03 14:32:46\"",\""speaker\"":\""tenant\"",\""content\"":\""这个有链接吗\""}]"", ""current_tenant_message"": ""{\""speaker\"":\""tenant\"",\""content\"":\""在几层啊\"",\""timestamp\"":\""2026-08-03 14:32:52\""}""}",,,
"{""message_id"": ""CVOR-5VNT-AHM4-H8AI"", ""business_type"": ""STANDARD_RENTAL"", ""listing_context"": ""{}"", ""conversation_history"": ""[{\""timestamp\"":\""2026-08-03 16:29:39\"",\""speaker\"":\""tenant\"",\""content\"":\""嗯嗯，那可以看看\""},{\""timestamp\"":\""2026-08-03 16:29:57\"",\""speaker\"":\""tenant\"",\""content\"":\""[{\\\""45671083\\\"":\\\""[房源]整租·南苏州中央鼎寓·1室1厅 1室1厅1卫 • 54㎡ • 南 2000 元/月(季付价)\\\""}]\""},{\""timestamp\"":\""2026-08-03 16:29:57\"",\""speaker\"":\""tenant\"",\""content\"":\""您好，可以帮我详细介绍下该房源情况吗？\""},{\""timestamp\"":\""2026-08-03 16:29:58\"",\""speaker\"":\""agent\"",\""content\"":\""好的，我找找然后发给你\""},{\""timestamp\"":\""2026-08-03 16:30:01\"",\""speaker\"":\""tenant\"",\""content\"":\""好的\""},{\""timestamp\"":\""2026-08-03 16:30:17\"",\""speaker\"":\""agent\"",\""content\"":\""如果同意我帮您找房，可将您的联系方式发我，方便联系到您\""},{\""timestamp\"":\""2026-08-03 16:30:24\"",\""speaker\"":\""tenant\"",\""content\"":\""客户手机号：13000000000(请谨慎使用，请勿将客户电话外泄!)\""},{\""timestamp\"":\""2026-08-03 16:37:57\"",\""speaker\"":\""agent\"",\""content\"":\""不能发，你等一下我保存一下图片\""},{\""timestamp\"":\""2026-08-03 16:39:03\"",\""speaker\"":\""tenant\"",\""content\"":\""嗯嗯\""},{\""timestamp\"":\""2026-08-03 16:39:59\"",\""speaker\"":\""agent\"",\""content\"":\""[img]\""},{\""timestamp\"":\""2026-08-03 16:40:06\"",\""speaker\"":\""agent\"",\""content\"":\""[img]\""},{\""timestamp\"":\""2026-08-03 16:40:08\"",\""speaker\"":\""agent\"",\""content\"":\""[img]\""},{\""timestamp\"":\""2026-08-03 16:40:12\"",\""speaker\"":\""agent\"",\""content\"":\""[img]\""},{\""timestamp\"":\""2026-08-03 16:40:13\"",\""speaker\"":\""agent\"",\""content\"":\""[img]\""},{\""timestamp\"":\""2026-08-03 16:40:14\"",\""speaker\"":\""agent\"",\""content\"":\""[img]\""},{\""timestamp\"":\""2026-08-03 16:40:17\"",\""speaker\"":\""agent\"",\""content\"":\""[img]\""},{\""timestamp\"":\""2026-08-03 16:40:52\"",\""speaker\"":\""tenant\"",\""content\"":\""这个位置在哪里\""},{\""timestamp\"":\""2026-08-03 16:40:59\"",\""speaker\"":\""tenant\"",\""content\"":\""租金多少\""},{\""timestamp\"":\""2026-08-03 16:41:23\"",\""speaker\"":\""agent\"",\""content\"":\""1900\""},{\""timestamp\"":\""2026-08-03 16:41:29\"",\""speaker\"":\""agent\"",\""content\"":\""仁文公寓\""},{\""timestamp\"":\""2026-08-03 16:41:39\"",\""speaker\"":\""agent\"",\""content\"":\""民水民电\""},{\""timestamp\"":\""2026-08-03 16:41:47\"",\""speaker\"":\""agent\"",\""content\"":\""无中介费\""},{\""timestamp\"":\""2026-08-03 16:42:54\"",\""speaker\"":\""tenant\"",\""content\"":\""水和电分别具体费用多少\""}]"", ""current_tenant_message"": ""{\""speaker\"":\""tenant\"",\""content\"":\""押几付几的这个\"",\""timestamp\"":\""2026-08-03 16:44:44\""}""}",,,
"{""message_id"": ""CVOM-S0AO-2MK6-DR5M"", ""business_type"": ""STANDARD_RENTAL"", ""listing_context"": ""{}"", ""conversation_history"": ""[{\""timestamp\"":\""2026-08-03 11:25:14\"",\""speaker\"":\""tenant\"",\""content\"":\""[{\\\""914020186\\\"":\\\""[房源]整租·华家池·3室1厅 3室1厅1卫 · 72.37㎡ · 南 4200元/月(季付价)\\\""}]\""},{\""timestamp\"":\""2026-08-03 11:25:14\"",\""speaker\"":\""tenant\"",\""content\"":\""您好，可以帮我详细介绍下该房源情况吗？\""},{\""timestamp\"":\""2026-08-03 11:25:15\"",\""speaker\"":\""tenant\"",\""content\"":\""{\\\""title\\\"":\\\""用户通过租房详情-钻展进入聊天\\\""}\""},{\""timestamp\"":\""2026-08-03 11:25:22\"",\""speaker\"":\""tenant\"",\""content\"":\""这个房子还在吗\""},{\""timestamp\"":\""2026-08-03 11:25:48\"",\""speaker\"":\""agent\"",\""content\"":\""{\\\""desc\\\"":\\\""为方便帮您找房服务，平台申请获取您的手机号198****2516，24小时内将会有优质经纪人为您服务\\\""}\""},{\""timestamp\"":\""2026-08-03 11:26:22\"",\""speaker\"":\""agent\"",\""content\"":\""[自动回复]您好，感谢选择我来为您服务。很抱歉现在不能及时回复，我会尽快与您联系。或拨打我的电话4008891327,8512许栋辉\""},{\""timestamp\"":\""2026-08-03 11:30:58\"",\""speaker\"":\""agent\"",\""content\"":\""房子还在\""},{\""timestamp\"":\""2026-08-03 11:41:15\"",\""speaker\"":\""tenant\"",\""content\"":\""装修完多久了\""},{\""timestamp\"":\""2026-08-03 11:41:49\"",\""speaker\"":\""agent\"",\""content\"":\""半年\""}]"", ""current_tenant_message"": ""{\""speaker\"":\""tenant\"",\""content\"":\""旁边有没有装修完久一点的房子\"",\""timestamp\"":\""2026-08-03 11:43:19\""}""}",,,
"{""message_id"": ""CVOU-GO4D-R6U4-4N0F"", ""business_type"": ""STANDARD_RENTAL"", ""listing_context"": ""{}"", ""conversation_history"": ""[]"", ""current_tenant_message"": ""{\""speaker\"":\""tenant\"",\""content\"":\""您好，可以帮我详细介绍下该房源情况吗？\"",\""timestamp\"":\""2026-08-03 20:37:58\""}""}",,,
"{""message_id"": ""CVOQ-NKSU-96G4-9J2E"", ""business_type"": ""STANDARD_RENTAL"", ""listing_context"": ""{}"", ""conversation_history"": ""[]"", ""current_tenant_message"": ""{\""speaker\"":\""tenant\"",\""content\"":\""您好，可以帮我详细介绍下该房源情况吗？\"",\""timestamp\"":\""2026-08-03 16:13:25\""}""}",,,
"{""message_id"": ""CVOD-A2GV-99O6-9HFF"", ""business_type"": ""STANDARD_RENTAL"", ""listing_context"": ""{}"", ""conversation_history"": ""[{\""timestamp\"":\""2026-08-03 00:33:01\"",\""speaker\"":\""tenant\"",\""content\"":\""明天9点？\""},{\""timestamp\"":\""2026-08-03 00:33:29\"",\""speaker\"":\""agent\"",\""content\"":\""我明天跟业主聊聊\""},{\""timestamp\"":\""2026-08-03 00:33:37\"",\""speaker\"":\""agent\"",\""content\"":\""问下时间\""},{\""timestamp\"":\""2026-08-03 00:33:45\"",\""speaker\"":\""tenant\"",\""content\"":\""几楼啊？\""},{\""timestamp\"":\""2026-08-03 00:33:46\"",\""speaker\"":\""agent\"",\""content\"":\""您给我留个电话吧\""},{\""timestamp\"":\""2026-08-03 00:33:53\"",\""speaker\"":\""agent\"",\""content\"":\""这套房子在4层，总高29层\""},{\""timestamp\"":\""2026-08-03 00:34:04\"",\""speaker\"":\""tenant\"",\""content\"":\""好的👌\""},{\""timestamp\"":\""2026-08-03 00:34:07\"",\""speaker\"":\""agent\"",\""content\"":\""如果同意我帮您找房，可将您的联系方式发我，方便联系到您\""},{\""timestamp\"":\""2026-08-03 00:34:13\"",\""speaker\"":\""tenant\"",\""content\"":\""客户手机号：13000000000(请谨慎使用，请勿将客户电话外泄!)\""},{\""timestamp\"":\""2026-08-03 00:34:17\"",\""speaker\"":\""agent\"",\""content\"":\""好的\""},{\""timestamp\"":\""2026-08-03 00:34:41\"",\""speaker\"":\""tenant\"",\""content\"":\""你9点之后在给我打电话姐\""},{\""timestamp\"":\""2026-08-03 00:34:52\"",\""speaker\"":\""agent\"",\""content\"":\""好的👌🏻\""}]"", ""current_tenant_message"": ""{\""speaker\"":\""tenant\"",\""content\"":\""要是ok\"",\""timestamp\"":\""2026-08-03 00:35:00\""}""}",,,
"{""message_id"": ""CVOQ-FCTB-Q727-UHRD"", ""business_type"": ""STANDARD_RENTAL"", ""listing_context"": ""{}"", ""conversation_history"": ""[{\""timestamp\"":\""2026-08-03 15:54:13\"",\""speaker\"":\""tenant\"",\""content\"":\""您好，可以帮我详细介绍下该房源情况吗？\""},{\""timestamp\"":\""2026-08-03 15:54:14\"",\""speaker\"":\""tenant\"",\""content\"":\""[{\\\""914011112\\\"":\\\""[房源]整租·盈都揽悦·2室1厅 2室1厅1卫 • 89㎡ • 南 1800 元/月(季付价)\\\""}]\""},{\""timestamp\"":\""2026-08-03 15:54:14\"",\""speaker\"":\""tenant\"",\""content\"":\""{\\\""title\\\"":\\\""用户通过租房详情-钻展进入聊天\\\""}\""},{\""timestamp\"":\""2026-08-03 15:54:30\"",\""speaker\"":\""agent\"",\""content\"":\""在的哦\""},{\""timestamp\"":\""2026-08-03 15:54:40\"",\""speaker\"":\""tenant\"",\""content\"":\""[{\\\""914011112\\\"":\\\""[房源]整租·盈都揽悦·2室1厅 2室1厅1卫 • 89㎡ • 南 1800 元/月(季付价)\\\""}]\""},{\""timestamp\"":\""2026-08-03 15:54:40\"",\""speaker\"":\""tenant\"",\""content\"":\""您好，可以帮我详细介绍下该房源情况吗？\""},{\""timestamp\"":\""2026-08-03 15:54:41\"",\""speaker\"":\""agent\"",\""content\"":\""套中套哦\""},{\""timestamp\"":\""2026-08-03 15:54:47\"",\""speaker\"":\""agent\"",\""content\"":\""跟房东直接签的\""},{\""timestamp\"":\""2026-08-03 15:54:52\"",\""speaker\"":\""agent\"",\""content\"":\""随时能看房\""},{\""timestamp\"":\""2026-08-03 15:55:08\"",\""speaker\"":\""tenant\"",\""content\"":\""有几个水电呢？\""},{\""timestamp\"":\""2026-08-03 15:55:19\"",\""speaker\"":\""agent\"",\""content\"":\""民水民电\""}]"", ""current_tenant_message"": ""{\""speaker\"":\""tenant\"",\""content\"":\""是民用水电吗？\"",\""timestamp\"":\""2026-08-03 15:55:24\""}""}",,,
"{""message_id"": ""CVOQ-MM89-ELO4-LA5K"", ""business_type"": ""MANAGED_RENTAL"", ""listing_context"": ""{}"", ""conversation_history"": ""[{\""timestamp\"":\""2026-08-03 16:10:05\"",\""speaker\"":\""tenant\"",\""content\"":\""您好，我想了解下房源租金等费用明细。\""},{\""timestamp\"":\""2026-08-03 16:10:06\"",\""speaker\"":\""tenant\"",\""content\"":\""[{\\\""90264371\\\"":\\\""[房源]合租·芳星园二区·4室·房间C 4室1厅1卫 • 10㎡ • 北 1596 元/月(季付价)\\\""}]\""},{\""timestamp\"":\""2026-08-03 16:10:09\"",\""speaker\"":\""tenant\"",\""content\"":\""你好\""},{\""timestamp\"":\""2026-08-03 16:10:15\"",\""speaker\"":\""agent\"",\""content\"":\""您好\""},{\""timestamp\"":\""2026-08-03 16:10:24\"",\""speaker\"":\""agent\"",\""content\"":\""这套房子可以看\""},{\""timestamp\"":\""2026-08-03 16:10:26\"",\""speaker\"":\""tenant\"",\""content\"":\""这个房子有空调吗\""},{\""timestamp\"":\""2026-08-03 16:10:27\"",\""speaker\"":\""tenant\"",\""content\"":\""{\\\""title\\\"":\\\""用户通过租房详情-信息咨询进入聊天\\\""}\""},{\""timestamp\"":\""2026-08-03 16:10:35\"",\""speaker\"":\""agent\"",\""content\"":\""您什么时候用房啊？有空调的😊\""},{\""timestamp\"":\""2026-08-03 16:10:37\"",\""speaker\"":\""tenant\"",\""content\"":\""[{\\\""90264371\\\"":\\\""[房源]合租·芳星园二区·4室·房间C 4室1厅1卫 • 10㎡ • 北 1596 元/月(季付价)\\\""}]\""},{\""timestamp\"":\""2026-08-03 16:10:37\"",\""speaker\"":\""tenant\"",\""content\"":\""您好，我想了解下房源租金等费用明细。\""},{\""timestamp\"":\""2026-08-03 16:10:58\"",\""speaker\"":\""agent\"",\""content\"":\""房子收取百分之十的服务费\""},{\""timestamp\"":\""2026-08-03 16:11:10\"",\""speaker\"":\""agent\"",\""content\"":\""三家合租\""},{\""timestamp\"":\""2026-08-03 16:11:12\"",\""speaker\"":\""agent\"",\""content\"":\""如果同意我帮您找房，可将您的联系方式发我，方便联系到您\""}]"", ""current_tenant_message"": ""{\""speaker\"":\""tenant\"",\""content\"":\""可以\"",\""timestamp\"":\""2026-08-03 16:11:19\""}""}",,,
"{""message_id"": ""CVOK-VJLL-RVC5-30O6"", ""business_type"": ""STANDARD_RENTAL"", ""listing_context"": ""{}"", ""conversation_history"": ""[{\""timestamp\"":\""2026-08-03 09:07:55\"",\""speaker\"":\""tenant\"",\""content\"":\""含物业费最低多少钱\""},{\""timestamp\"":\""2026-08-03 09:07:58\"",\""speaker\"":\""agent\"",\""content\"":\""地面有12块钱一天\""},{\""timestamp\"":\""2026-08-03 09:08:12\"",\""speaker\"":\""agent\"",\""content\"":\""这个你看了合适我去和房东沟通\""},{\""timestamp\"":\""2026-08-03 09:08:44\"",\""speaker\"":\""tenant\"",\""content\"":\""[{\\\""913828006\\\"":\\\""[房源]整租·江南名府·3室2厅 3室2厅2卫 · 89.25㎡ · 南 5100元/月(季付价)\\\""}]\""},{\""timestamp\"":\""2026-08-03 09:08:44\"",\""speaker\"":\""tenant\"",\""content\"":\""您好，可以帮我详细介绍下该房源情况吗？\""},{\""timestamp\"":\""2026-08-03 09:08:48\"",\""speaker\"":\""tenant\"",\""content\"":\""有采暖吗\""},{\""timestamp\"":\""2026-08-03 09:08:53\"",\""speaker\"":\""agent\"",\""content\"":\""有\""},{\""timestamp\"":\""2026-08-03 09:08:57\"",\""speaker\"":\""agent\"",\""content\"":\""地暖\""},{\""timestamp\"":\""2026-08-03 09:26:05\"",\""speaker\"":\""tenant\"",\""content\"":\""我现在走不开没法过去看房，如果这个房子含物业费4600我可以今天先交定金，最快周三就可以过去签约\""},{\""timestamp\"":\""2026-08-03 09:26:31\"",\""speaker\"":\""agent\"",\""content\"":\""这个价格租不到\""},{\""timestamp\"":\""2026-08-03 09:27:06\"",\""speaker\"":\""agent\"",\""content\"":\""其他小区可以给你推荐4600左右的\""},{\""timestamp\"":\""2026-08-03 09:27:09\"",\""speaker\"":\""tenant\"",\""content\"":\""这个是几楼\""},{\""timestamp\"":\""2026-08-03 09:27:14\"",\""speaker\"":\""agent\"",\""content\"":\""13\""},{\""timestamp\"":\""2026-08-03 09:27:31\"",\""speaker\"":\""tenant\"",\""content\"":\""其他小区我没看上\""},{\""timestamp\"":\""2026-08-03 09:28:07\"",\""speaker\"":\""tenant\"",\""content\"":\""你说一个可能成交的价格含物业费\""},{\""timestamp\"":\""2026-08-03 09:28:27\"",\""speaker\"":\""agent\"",\""content\"":\""差不多5000\""}]"", ""current_tenant_message"": ""{\""speaker\"":\""tenant\"",\""content\"":\""4800你看能不能谈下来，如果不行我再考虑下\"",\""timestamp\"":\""2026-08-03 09:31:23\""}""}",,,
"{""message_id"": ""CVOM-MGDE-LDS6-2VVS"", ""business_type"": ""STANDARD_RENTAL"", ""listing_context"": ""{}"", ""conversation_history"": ""[{\""timestamp\"":\""2026-08-03 11:14:06\"",\""speaker\"":\""tenant\"",\""content\"":\""相遇的服务费包括什么\""},{\""timestamp\"":\""2026-08-03 11:15:06\"",\""speaker\"":\""agent\"",\""content\"":\""[自动回复]您好，感谢选择我来为您服务。很抱歉现在不能及时回复，我会尽快与您联系。或拨打我的电话4008897257,3050祝继业\""},{\""timestamp\"":\""2026-08-03 11:15:38\"",\""speaker\"":\""agent\"",\""content\"":\""包含物业，取暖，室内维修，\""},{\""timestamp\"":\""2026-08-03 11:27:04\"",\""speaker\"":\""tenant\"",\""content\"":\""哪个今晚能看\""},{\""timestamp\"":\""2026-08-03 11:27:47\"",\""speaker\"":\""agent\"",\""content\"":\""第二套没回我\""},{\""timestamp\"":\""2026-08-03 11:28:58\"",\""speaker\"":\""tenant\"",\""content\"":\""新源街的是么\""},{\""timestamp\"":\""2026-08-03 11:29:07\"",\""speaker\"":\""agent\"",\""content\"":\""第二套，明天中午可以看\""},{\""timestamp\"":\""2026-08-03 11:29:13\"",\""speaker\"":\""tenant\"",\""content\"":\""哪个不行租期衔接不上不看了\""},{\""timestamp\"":\""2026-08-03 11:29:29\"",\""speaker\"":\""tenant\"",\""content\"":\""第一套呢\""},{\""timestamp\"":\""2026-08-03 11:29:52\"",\""speaker\"":\""agent\"",\""content\"":\""第一套随时能看\""},{\""timestamp\"":\""2026-08-03 11:30:18\"",\""speaker\"":\""tenant\"",\""content\"":\""那晚上下班我过去\""},{\""timestamp\"":\""2026-08-03 11:30:26\"",\""speaker\"":\""tenant\"",\""content\"":\""楼号是\""},{\""timestamp\"":\""2026-08-03 11:30:40\"",\""speaker\"":\""agent\"",\""content\"":\""新源街9号楼\""}]"", ""current_tenant_message"": ""{\""speaker\"":\""tenant\"",\""content\"":\""新源街这个不行\"",\""timestamp\"":\""2026-08-03 11:31:18\""}""}",,,
"{""message_id"": ""CVOS-0HTK-QD64-7ENP"", ""business_type"": ""STANDARD_RENTAL"", ""listing_context"": ""{}"", ""conversation_history"": ""[{\""timestamp\"":\""2026-08-03 17:42:47\"",\""speaker\"":\""tenant\"",\""content\"":\""[{\\\""913423086\\\"":\\\""[房源]整租·石灰桥新村·2室1厅 2室1厅1卫 55.42㎡  南 3450元/月\\\""}]\""}]"", ""current_tenant_message"": ""{\""speaker\"":\""tenant\"",\""content\"":\""您好，可以帮我详细介绍下该房源情况吗？\"",\""timestamp\"":\""2026-08-03 17:42:47\""}""}",,,
"{""message_id"": ""CVOV-DI01-QOU6-IGV0"", ""business_type"": ""STANDARD_RENTAL"", ""listing_context"": ""{}"", ""conversation_history"": ""[{\""timestamp\"":\""2026-08-03 21:39:00\"",\""speaker\"":\""tenant\"",\""content\"":\""您好，可以帮我详细介绍下该房源情况吗？\""},{\""timestamp\"":\""2026-08-03 21:39:01\"",\""speaker\"":\""tenant\"",\""content\"":\""[{\\\""46133742\\\"":\\\""[房源]整租·红树湾花园·3室2厅 3室2厅1卫 • 88㎡ • 南 2700 元/月(季付价)\\\""}]\""},{\""timestamp\"":\""2026-08-03 21:39:01\"",\""speaker\"":\""tenant\"",\""content\"":\""{\\\""title\\\"":\\\""用户通过租房详情-钻展进入聊天\\\""}\""},{\""timestamp\"":\""2026-08-03 21:39:12\"",\""speaker\"":\""tenant\"",\""content\"":\""你好，这个房子是什么情况\""},{\""timestamp\"":\""2026-08-03 21:39:13\"",\""speaker\"":\""agent\"",\""content\"":\""你好\""},{\""timestamp\"":\""2026-08-03 21:39:48\"",\""speaker\"":\""agent\"",\""content\"":\""整租的\""},{\""timestamp\"":\""2026-08-03 21:39:56\"",\""speaker\"":\""tenant\"",\""content\"":\""没图\""},{\""timestamp\"":\""2026-08-03 21:40:05\"",\""speaker\"":\""agent\"",\""content\"":\""没拍\""},{\""timestamp\"":\""2026-08-03 21:40:07\"",\""speaker\"":\""tenant\"",\""content\"":\""，没视频\""},{\""timestamp\"":\""2026-08-03 21:40:11\"",\""speaker\"":\""tenant\"",\""content\"":\""在不在租\""},{\""timestamp\"":\""2026-08-03 21:40:31\"",\""speaker\"":\""agent\"",\""content\"":\""在\""},{\""timestamp\"":\""2026-08-03 21:40:45\"",\""speaker\"":\""tenant\"",\""content\"":\""能把视频发给我看看吗\""}]"", ""current_tenant_message"": ""{\""speaker\"":\""tenant\"",\""content\"":\""可以的话看看房子\"",\""timestamp\"":\""2026-08-03 21:40:54\""}""}",,,
"{""message_id"": ""CVON-DIVL-PCC5-K4EG"", ""business_type"": ""STANDARD_RENTAL"", ""listing_context"": ""{}"", ""conversation_history"": ""[{\""timestamp\"":\""2026-08-03 12:21:28\"",\""speaker\"":\""tenant\"",\""content\"":\""[{\\\""505000044\\\"":\\\""[房源]整租·科育小区·2室1厅 2室1厅1卫 · 68.2㎡ · 南 8200元/月(季付价)\\\""}]\""},{\""timestamp\"":\""2026-08-03 12:21:28\"",\""speaker\"":\""tenant\"",\""content\"":\""{\\\""title\\\"":\\\""用户通过租房详情-钻展进入聊天\\\""}\""},{\""timestamp\"":\""2026-08-03 12:21:28\"",\""speaker\"":\""tenant\"",\""content\"":\""您好，可以帮我详细介绍下该房源情况吗？\""},{\""timestamp\"":\""2026-08-03 12:21:30\"",\""speaker\"":\""tenant\"",\""content\"":\""有图吗\""},{\""timestamp\"":\""2026-08-03 12:21:36\"",\""speaker\"":\""agent\"",\""content\"":\""您好\""},{\""timestamp\"":\""2026-08-03 12:21:39\"",\""speaker\"":\""agent\"",\""content\"":\""稍等我看一下\""}]"", ""current_tenant_message"": ""{\""speaker\"":\""tenant\"",\""content\"":\""嗯嗯\"",\""timestamp\"":\""2026-08-03 12:21:44\""}""}",,,
"{""message_id"": ""CVOM-DTKB-K4G7-E6KR"", ""business_type"": ""STANDARD_RENTAL"", ""listing_context"": ""{}"", ""conversation_history"": ""[{\""timestamp\"":\""2026-08-03 11:12:33\"",\""speaker\"":\""tenant\"",\""content\"":\""[{\\\""90186508\\\"":\\\""[房源]合租·前进花园石门苑·3室·房间C 3室1厅1卫 10㎡  北 1100元/月\\\""}]\""}]"", ""current_tenant_message"": ""{\""speaker\"":\""tenant\"",\""content\"":\""您好，可以帮我详细介绍下该房源情况吗？\"",\""timestamp\"":\""2026-08-03 11:12:33\""}""}",,,
"{""message_id"": ""CVOP-2KM4-3NU5-1K7B"", ""business_type"": ""STANDARD_RENTAL"", ""listing_context"": ""{}"", ""conversation_history"": ""[{\""timestamp\"":\""2026-08-03 14:17:37\"",\""speaker\"":\""tenant\"",\""content\"":\""[{\\\""913979541\\\"":\\\""[房源]整租·金域三江·4室2厅 4室2厅2卫 144.27㎡  南 2500元/月\\\""}]\""}]"", ""current_tenant_message"": ""{\""speaker\"":\""tenant\"",\""content\"":\""您好，可以帮我详细介绍下该房源情况吗？\"",\""timestamp\"":\""2026-08-03 14:17:37\""}""}",,,
"{""message_id"": ""CVP0-0G1H-8SM5-K4EG"", ""business_type"": ""STANDARD_RENTAL"", ""listing_context"": ""{}"", ""conversation_history"": ""[{\""timestamp\"":\""2026-08-03 22:22:07\"",\""speaker\"":\""tenant\"",\""content\"":\""[{\\\""505017420\\\"":\\\""[房源]整租·科育小区·2室1厅 2室1厅1卫 66.45㎡  南 4200元/月\\\""}]\""},{\""timestamp\"":\""2026-08-03 22:22:07\"",\""speaker\"":\""tenant\"",\""content\"":\""{\\\""title\\\"":\\\""用户通过租房详情-钻展进入聊天\\\""}\""},{\""timestamp\"":\""2026-08-03 22:22:07\"",\""speaker\"":\""tenant\"",\""content\"":\""您好，可以帮我详细介绍下该房源情况吗？\""},{\""timestamp\"":\""2026-08-03 22:22:14\"",\""speaker\"":\""agent\"",\""content\"":\""您好\""}]"", ""current_tenant_message"": ""{\""speaker\"":\""tenant\"",\""content\"":\""可以长租吗\"",\""timestamp\"":\""2026-08-03 22:22:16\""}""}",,,
"{""message_id"": ""CVOL-UREJ-I0M6-K59F"", ""business_type"": ""MANAGED_RENTAL"", ""listing_context"": ""{}"", ""conversation_history"": ""[]"", ""current_tenant_message"": ""{\""speaker\"":\""tenant\"",\""content\"":\""请问这套房子有更多照片吗？\"",\""timestamp\"":\""2026-08-03 10:39:38\""}""}",,,
"{""message_id"": ""CVOL-F058-NGK7-IO6S"", ""business_type"": ""STANDARD_RENTAL"", ""listing_context"": ""{}"", ""conversation_history"": ""[{\""timestamp\"":\""2026-08-03 10:04:55\"",\""speaker\"":\""tenant\"",\""content\"":\""[{\\\""913954408\\\"":\\\""[房源]整租·滨江宝龙城市广场·1室1厅 1室1厅1卫 47.45㎡  南 2800元/月\\\""}]\""},{\""timestamp\"":\""2026-08-03 10:04:56\"",\""speaker\"":\""tenant\"",\""content\"":\""{\\\""title\\\"":\\\""用户通过租房详情-钻展进入聊天\\\""}\""},{\""timestamp\"":\""2026-08-03 10:04:56\"",\""speaker\"":\""tenant\"",\""content\"":\""{\\\""title\\\"":\\\""用户通过租房详情-钻展进入聊天\\\""}\""},{\""timestamp\"":\""2026-08-03 10:04:56\"",\""speaker\"":\""tenant\"",\""content\"":\""您好，可以帮我详细介绍下该房源情况吗？\""}]"", ""current_tenant_message"": ""{\""speaker\"":\""tenant\"",\""content\"":\""wxid_not_exist_000\"",\""timestamp\"":\""2026-08-03 10:05:00\""}""}",,,
"{""message_id"": ""CVP0-4GF0-MIG6-F71H"", ""business_type"": ""STANDARD_RENTAL"", ""listing_context"": ""{}"", ""conversation_history"": ""[{\""timestamp\"":\""2026-08-03 22:29:54\"",\""speaker\"":\""tenant\"",\""content\"":\""[{\\\""913981126\\\"":\\\""[房源]整租·西溪正庐·3室2厅 3室2厅1卫 · 88.66㎡ · 南 5800元/月(季付价)\\\""}]\""},{\""timestamp\"":\""2026-08-03 22:29:54\"",\""speaker\"":\""tenant\"",\""content\"":\""您好，可以帮我详细介绍下该房源情况吗？\""},{\""timestamp\"":\""2026-08-03 22:29:55\"",\""speaker\"":\""tenant\"",\""content\"":\""{\\\""title\\\"":\\\""用户通过租房详情-钻展进入聊天\\\""}\""},{\""timestamp\"":\""2026-08-03 22:30:04\"",\""speaker\"":\""tenant\"",\""content\"":\""这个房子没有家电吗\""},{\""timestamp\"":\""2026-08-03 22:30:24\"",\""speaker\"":\""agent\"",\""content\"":\""您好\""},{\""timestamp\"":\""2026-08-03 22:30:37\"",\""speaker\"":\""agent\"",\""content\"":\""我明天打个电话问问房东吧\""},{\""timestamp\"":\""2026-08-03 22:30:58\"",\""speaker\"":\""agent\"",\""content\"":\""软装应该是添加了\""}]"", ""current_tenant_message"": ""{\""speaker\"":\""tenant\"",\""content\"":\""好的，谢谢，你问下房子是图片样子还是现在有变化\"",\""timestamp\"":\""2026-08-03 22:31:02\""}""}",,,
"{""message_id"": ""CVOI-OVST-LD06-R0G9"", ""business_type"": ""STANDARD_RENTAL"", ""listing_context"": ""{}"", ""conversation_history"": ""[{\""timestamp\"":\""2026-08-03 06:56:59\"",\""speaker\"":\""tenant\"",\""content\"":\""[{\\\""826142078\\\"":\\\""[房源]整租·博苑公寓·1室1厅 1室1厅1卫 · 44㎡ · 南 6000元/月(月付价)\\\""}]\""},{\""timestamp\"":\""2026-08-03 06:56:59\"",\""speaker\"":\""tenant\"",\""content\"":\""{\\\""title\\\"":\\\""用户通过租房详情-信息咨询进入聊天\\\""}\""},{\""timestamp\"":\""2026-08-03 06:56:59\"",\""speaker\"":\""tenant\"",\""content\"":\""您好，我想了解下本房源的租金费用情况。\""}]"", ""current_tenant_message"": ""{\""speaker\"":\""tenant\"",\""content\"":\""押金和房租怎么支付？\"",\""timestamp\"":\""2026-08-03 06:57:07\""}""}",,,
